Time,CORE_ZN:CHICAGO ANN HTG 99.6% CONDNS DB:Des Heat Load [W],CORE_ZN:CHICAGO ANN CLG .4% CONDNS WB=>MDB:Des Sens Cool Load [W],CORE_ZN:CHICAGO ANN HTG 99.6% CONDNS DB:Des Heat Mass Flow [kg/s],CORE_ZN:CHICAGO ANN CLG .4% CONDNS WB=>MDB:Des Cool Mass Flow [kg/s],CORE_ZN::Des Latent Heat Load [W],CORE_ZN::Des Latent Cool Load [W],CORE_ZN::Des Latent Heat Mass Flow [kg/s],CORE_ZN::Des Latent Cool Mass Flow [kg/s],CORE_ZN::Des Heat Load No DOAS [W],CORE_ZN::Des Sens Cool Load No DOAS [W],CORE_ZN::Des Latent Heat Load No DOAS [W],CORE_ZN::Des Latent Cool Load No DOAS [W],CORE_ZN:CHICAGO ANN HTG 99.6% CONDNS DB:Heating Zone Temperature [C],CORE_ZN:CHICAGO ANN HTG 99.6% CONDNS DB:Heating Zone Relative Humidity [%],CORE_ZN:CHICAGO ANN CLG .4% CONDNS WB=>MDB:Cooling Zone Temperature [C],CORE_ZN:CHICAGO ANN CLG .4% CONDNS WB=>MDB:Cooling Zone Relative Humidity [%],PERIMETER_ZN_1:CHICAGO ANN HTG 99.6% CONDNS DB:Des Heat Load [W],PERIMETER_ZN_1:CHICAGO ANN CLG .4% CONDNS WB=>MDB:Des Sens Cool Load [W],PERIMETER_ZN_1:CHICAGO ANN HTG 99.6% CONDNS DB:Des Heat Mass Flow [kg/s],PERIMETER_ZN_1:CHICAGO ANN CLG .4% CONDNS WB=>MDB:Des Cool Mass Flow [kg/s],PERIMETER_ZN_1::Des Latent Heat Load [W],PERIMETER_ZN_1::Des Latent Cool Load [W],PERIMETER_ZN_1::Des Latent Heat Mass Flow [kg/s],PERIMETER_ZN_1::Des Latent Cool Mass Flow [kg/s],PERIMETER_ZN_1::Des Heat Load No DOAS [W],PERIMETER_ZN_1::Des Sens Cool Load No DOAS [W],PERIMETER_ZN_1::Des Latent Heat Load No DOAS [W],PERIMETER_ZN_1::Des Latent Cool Load No DOAS [W],PERIMETER_ZN_1:CHICAGO ANN HTG 99.6% CONDNS DB:Heating Zone Temperature [C],PERIMETER_ZN_1:CHICAGO ANN HTG 99.6% CONDNS DB:Heating Zone Relative Humidity [%],PERIMETER_ZN_1:CHICAGO ANN CLG .4% CONDNS WB=>MDB:Cooling Zone Temperature [C],PERIMETER_ZN_1:CHICAGO ANN CLG .4% CONDNS WB=>MDB:Cooling Zone Relative Humidity [%],PERIMETER_ZN_2:CHICAGO ANN HTG 99.6% CONDNS DB:Des Heat Load [W],PERIMETER_ZN_2:CHICAGO ANN CLG .4% CONDNS WB=>MDB:Des Sens Cool Load [W],PERIMETER_ZN_2:CHICAGO ANN HTG 99.6% CONDNS DB:Des Heat Mass Flow [kg/s],PERIMETER_ZN_2:CHICAGO ANN CLG .4% CONDNS WB=>MDB:Des Cool Mass Flow [kg/s],PERIMETER_ZN_2::Des Latent Heat Load [W],PERIMETER_ZN_2::Des Latent Cool Load [W],PERIMETER_ZN_2::Des Latent Heat Mass Flow [kg/s],PERIMETER_ZN_2::Des Latent Cool Mass Flow [kg/s],PERIMETER_ZN_2::Des Heat Load No DOAS [W],PERIMETER_ZN_2::Des Sens Cool Load No DOAS [W],PERIMETER_ZN_2::Des Latent Heat Load No DOAS [W],PERIMETER_ZN_2::Des Latent Cool Load No DOAS [W],PERIMETER_ZN_2:CHICAGO ANN HTG 99.6% CONDNS DB:Heating Zone Temperature [C],PERIMETER_ZN_2:CHICAGO ANN HTG 99.6% CONDNS DB:Heating Zone Relative Humidity [%],PERIMETER_ZN_2:CHICAGO ANN CLG .4% CONDNS WB=>MDB:Cooling Zone Temperature [C],PERIMETER_ZN_2:CHICAGO ANN CLG .4% CONDNS WB=>MDB:Cooling Zone Relative Humidity [%],PERIMETER_ZN_3:CHICAGO ANN HTG 99.6% CONDNS DB:Des Heat Load [W],PERIMETER_ZN_3:CHICAGO ANN CLG .4% CONDNS WB=>MDB:Des Sens Cool Load [W],PERIMETER_ZN_3:CHICAGO ANN HTG 99.6% CONDNS DB:Des Heat Mass Flow [kg/s],PERIMETER_ZN_3:CHICAGO ANN CLG .4% CONDNS WB=>MDB:Des Cool Mass Flow [kg/s],PERIMETER_ZN_3::Des Latent Heat Load [W],PERIMETER_ZN_3::Des Latent Cool Load [W],PERIMETER_ZN_3::Des Latent Heat Mass Flow [kg/s],PERIMETER_ZN_3::Des Latent Cool Mass Flow [kg/s],PERIMETER_ZN_3::Des Heat Load No DOAS [W],PERIMETER_ZN_3::Des Sens Cool Load No DOAS [W],PERIMETER_ZN_3::Des Latent Heat Load No DOAS [W],PERIMETER_ZN_3::Des Latent Cool Load No DOAS [W],PERIMETER_ZN_3:CHICAGO ANN HTG 99.6% CONDNS DB:Heating Zone Temperature [C],PERIMETER_ZN_3:CHICAGO ANN HTG 99.6% CONDNS DB:Heating Zone Relative Humidity [%],PERIMETER_ZN_3:CHICAGO ANN CLG .4% CONDNS WB=>MDB:Cooling Zone Temperature [C],PERIMETER_ZN_3:CHICAGO ANN CLG .4% CONDNS WB=>MDB:Cooling Zone Relative Humidity [%],PERIMETER_ZN_4:CHICAGO ANN HTG 99.6% CONDNS DB:Des Heat Load [W],PERIMETER_ZN_4:CHICAGO ANN CLG .4% CONDNS WB=>MDB:Des Sens Cool Load [W],PERIMETER_ZN_4:CHICAGO ANN HTG 99.6% CONDNS DB:Des Heat Mass Flow [kg/s],PERIMETER_ZN_4:CHICAGO ANN CLG .4% CONDNS WB=>MDB:Des Cool Mass Flow [kg/s],PERIMETER_ZN_4::Des Latent Heat Load [W],PERIMETER_ZN_4::Des Latent Cool Load [W],PERIMETER_ZN_4::Des Latent Heat Mass Flow [kg/s],PERIMETER_ZN_4::Des Latent Cool Mass Flow [kg/s],PERIMETER_ZN_4::Des Heat Load No DOAS [W],PERIMETER_ZN_4::Des Sens Cool Load No DOAS [W],PERIMETER_ZN_4::Des Latent Heat Load No DOAS [W],PERIMETER_ZN_4::Des Latent Cool Load No DOAS [W],PERIMETER_ZN_4:CHICAGO ANN HTG 99.6% CONDNS DB:Heating Zone Temperature [C],PERIMETER_ZN_4:CHICAGO ANN HTG 99.6% CONDNS DB:Heating Zone Relative Humidity [%],PERIMETER_ZN_4:CHICAGO ANN CLG .4% CONDNS WB=>MDB:Cooling Zone Temperature [C],PERIMETER_ZN_4:CHICAGO ANN CLG .4% CONDNS WB=>MDB:Cooling Zone Relative Humidity [%]
00:10:00,4.341381E+03,2.718412E+03,2.239827E-01,2.664765E-01,0.000000E+00,0.000000E+00,0.000000E+00,0.000000E+00,0.000000E+00,0.000000E+00,0.000000E+00,0.000000E+00,2.099201E+01,4.052704E+01,2.399510E+01,5.270185E+01,5.725722E+03,5.140990E+02,2.954404E-01,3.936054E-02,0.000000E+00,0.000000E+00,0.000000E+00,0.000000E+00,0.000000E+00,0.000000E+00,0.000000E+00,0.000000E+00,2.099434E+01,4.571732E+01,2.669664E+01,5.268428E+01,3.608130E+03,3.837852E+02,1.861707E-01,2.961654E-02,0.000000E+00,0.000000E+00,0.000000E+00,0.000000E+00,0.000000E+00,0.000000E+00,0.000000E+00,0.000000E+00,2.099388E+01,4.546737E+01,2.669603E+01,5.253750E+01,5.493357E+03,4.898983E+02,2.834505E-01,3.750736E-02,0.000000E+00,0.000000E+00,0.000000E+00,0.000000E+00,0.000000E+00,0.000000E+00,0.000000E+00,0.000000E+00,2.099433E+01,4.553368E+01,2.669675E+01,5.296285E+01,3.604589E+03,4.868091E+02,1.859880E-01,3.756795E-02,0.000000E+00,0.000000E+00,0.000000E+00,0.000000E+00,0.000000E+00,0.000000E+00,0.000000E+00,0.000000E+00,2.099388E+01,4.546289E+01,2.669566E+01,5.113813E+01
00:20:00,4.341410E+03,2.719339E+03,2.239841E-01,2.665665E-01,0.000000E+00,0.000000E+00,0.000000E+00,0.000000E+00,0.000000E+00,0.000000E+00,0.000000E+00,0.000000E+00,2.099201E+01,4.052709E+01,2.399519E+01,5.257528E+01,5.725745E+03,5.229902E+02,2.954416E-01,4.004187E-02,0.000000E+00,0.000000E+00,0.000000E+00,0.000000E+00,0.000000E+00,0.000000E+00,0.000000E+00,0.000000E+00,2.099434E+01,4.571733E+01,2.669655E+01,5.286218E+01,3.608145E+03,3.910352E+02,1.861715E-01,3.017639E-02,0.000000E+00,0.000000E+00,0.000000E+00,0.000000E+00,0.000000E+00,0.000000E+00,0.000000E+00,0.000000E+00,2.099388E+01,4.546739E+01,2.669602E+01,5.262251E+01,5.493380E+03,5.008591E+02,2.834517E-01,3.834710E-02,0.000000E+00,0.000000E+00,0.000000E+00,0.000000E+00,0.000000E+00,0.000000E+00,0.000000E+00,0.000000E+00,2.099433E+01,4.553370E+01,2.669668E+01,5.314417E+01,3.604604E+03,4.958005E+02,1.859888E-01,3.826229E-02,0.000000E+00,0.000000E+00,0.000000E+00,0.000000E+00,0.000000E+00,0.000000E+00,0.000000E+00,0.000000E+00,2.099388E+01,4.546291E+01,2.669566E+01,5.113453E+01
00:30:00,4.341438E+03,2.718780E+03,2.239856E-01,2.665104E-01,0.000000E+00,0.000000E+00,0.000000E+00,0.000000E+00,0.000000E+00,0.000000E+00,0.000000E+00,0.000000E+00,2.099201E+01,4.052713E+01,2.399527E+01,5.245798E+01,5.725766E+03,5.293711E+02,2.954427E-01,4.053096E-02,0.000000E+00,0.000000E+00,0.000000E+00,0.000000E+00,0.000000E+00,0.000000E+00,0.000000E+00,0.000000E+00,2.099434E+01,4.571735E+01,2.669641E+01,5.299502E+01,3.608159E+03,3.970023E+02,1.861722E-01,3.063715E-02,0.000000E+00,0.000000E+00,0.000000E+00,0.000000E+00,0.000000E+00,0.000000E+00,0.000000E+00,0.000000E+00,2.099388E+01,4.546740E+01,2.669596E+01,5.266050E+01,5.493402E+03,5.091062E+02,2.834528E-01,3.897903E-02,0.000000E+00,0.000000E+00,0.000000E+00,0.000000E+00,0.000000E+00,0.000000E+00,0.000000E+00,0.000000E+00,2.099433E+01,4.553372E+01,2.669656E+01,5.327558E+01,3.604618E+03,5.028241E+02,1.859895E-01,3.880466E-02,0.000000E+00,0.000000E+00,0.000000E+00,0.000000E+00,0.000000E+00,0.000000E+00,0.000000E+00,0.000000E+00,2.099388E+01,4.546293E+01,2.669564E+01,5.109517E+01
00:40:00,4.341464E+03,2.716961E+03,2.239869E-01,2.663305E-01,0.000000E+00,0.000000E+00,0.000000E+00,0.000000E+00,0.000000E+00,0.000000E+00,0.000000E+00,0.000000E+00,2.099201E+01,4.052718E+01,2.399534E+01,5.234778E+01,5.725787E+03,5.337487E+02,2.954438E-01,4.086653E-02,0.000000E+00,0.000000E+00,0.000000E+00,0.000000E+00,0.000000E+00,0.000000E+00,0.000000E+00,0.000000E+00,2.099434E+01,4.571736E+01,2.669644E+01,5.308597E+01,3.608172E+03,4.016113E+02,1.861729E-01,3.099303E-02,0.000000E+00,0.000000E+00,0.000000E+00,0.000000E+00,0.000000E+00,0.000000E+00,0.000000E+00,0.000000E+00,2.099388E+01,4.546742E+01,2.669592E+01,5.266012E+01,5.493423E+03,5.149103E+02,2.834539E-01,3.942386E-02,0.000000E+00,0.000000E+00,0.000000E+00,0.000000E+00,0.000000E+00,0.000000E+00,0.000000E+00,0.000000E+00,2.099433E+01,4.553373E+01,2.669645E+01,5.336515E+01,3.604632E+03,5.082098E+02,1.859902E-01,3.922052E-02,0.000000E+00,0.000000E+00,0.000000E+00,0.000000E+00,0.000000E+00,0.000000E+00,0.000000E+00,0.000000E+00,2.099388E+01,4.546294E+01,2.669563E+01,5.102829E+01
00:50:00,4.341490E+03,2.714071E+03,2.239883E-01,2.660453E-01,0.000000E+00,0.000000E+00,0.000000E+00,0.000000E+00,0.000000E+00,0.000000E+00,0.000000E+00,0.000000E+00,2.099201E+01,4.052722E+01,2.399541E+01,5.224327E+01,5.725808E+03,5.365535E+02,2.954448E-01,4.108158E-02,0.000000E+00,0.000000E+00,0.000000E+00,0.000000E+00,0.000000E+00,0.000000E+00,0.000000E+00,0.000000E+00,2.099434E+01,4.571738E+01,2.669644E+01,5.314162E+01,3.608185E+03,4.050515E+02,1.861736E-01,3.125867E-02,0.000000E+00,0.000000E+00,0.000000E+00,0.000000E+00,0.000000E+00,0.000000E+00,0.000000E+00,0.000000E+00,2.099388E+01,4.546743E+01,2.669591E+01,5.262878E+01,5.493443E+03,5.189350E+02,2.834550E-01,3.973241E-02,0.000000E+00,0.000000E+00,0.000000E+00,0.000000E+00,0.000000E+00,0.000000E+00,0.000000E+00,0.000000E+00,2.099433E+01,4.553375E+01,2.669631E+01,5.342105E+01,3.604645E+03,5.121422E+02,1.859909E-01,3.952411E-02,0.000000E+00,0.000000E+00,0.000000E+00,0.000000E+00,0.000000E+00,0.000000E+00,0.000000E+00,0.000000E+00,2.099388E+01,4.546296E+01,2.669564E+01,5.094078E+01
01:00:00,4.341515E+03,2.710266E+03,2.239896E-01,2.656704E-01,0.000000E+00,0.000000E+00,0.000000E+00,0.000000E+00,0.000000E+00,0.000000E+00,0.000000E+00,0.000000E+00,2.099201E+01,4.052726E+01,2.399548E+01,5.214336E+01,5.725827E+03,5.381512E+02,2.954458E-01,4.120410E-02,0.000000E+00,0.000000E+00,0.000000E+00,0.000000E+00,0.000000E+00,0.000000E+00,0.000000E+00,0.000000E+00,2.099434E+01,4.571739E+01,2.669644E+01,5.316711E+01,3.608198E+03,4.074830E+02,1.861742E-01,3.144641E-02,0.000000E+00,0.000000E+00,0.000000E+00,0.000000E+00,0.000000E+00,0.000000E+00,0.000000E+00,0.000000E+00,2.099388E+01,4.546745E+01,2.669592E+01,5.257254E+01,5.493463E+03,5.215359E+02,2.834560E-01,3.993183E-02,0.000000E+00,0.000000E+00,0.000000E+00,0.000000E+00,0.000000E+00,0.000000E+00,0.000000E+00,0.000000E+00,2.099433E+01,4.553376E+01,2.669639E+01,5.344500E+01,3.604658E+03,5.148279E+02,1.859915E-01,3.973142E-02,0.000000E+00,0.000000E+00,0.000000E+00,0.000000E+00,0.000000E+00,0.000000E+00,0.000000E+00,0.000000E+00,2.099388E+01,4.546297E+01,2.669566E+01,5.083818E+01
01:10:00,4.341539E+03,2.709316E+03,2.239908E-01,2.655753E-01,0.000000E+00,0.000000E+00,0.000000E+00,0.000000E+00,0.000000E+00,0.000000E+00,0.000000E+00,0.000000E+00,2.099201E+01,4.052731E+01,2.399554E+01,5.204726E+01,5.725844E+03,5.410947E+02,2.954467E-01,4.142957E-02,0.000000E+00,0.000000E+00,0.000000E+00,0.000000E+00,0.000000E+00,0.000000E+00,0.000000E+00,0.000000E+00,2.099434E+01,4.571740E+01,2.669645E+01,5.316703E+01,3.608209E+03,4.103801E+02,1.861748E-01,3.167002E-02,0.000000E+00,0.000000E+00,0.000000E+00,0.000000E+00,0.000000E+00,0.000000E+00,0.000000E+00,0.000000E+00,2.099388E+01,4.546746E+01,2.669594E+01,5.249666E+01,5.493480E+03,5.252312E+02,2.834569E-01,4.021494E-02,0.000000E+00,0.000000E+00,0.000000E+00,0.000000E+00,0.000000E+00,0.000000E+00,0.000000E+00,0.000000E+00,2.099433E+01,4.553378E+01,2.669641E+01,5.344236E+01,3.604669E+03,5.177857E+02,1.859921E-01,3.995967E-02,0.000000E+00,0.000000E+00,0.000000E+00,0.000000E+00,0.000000E+00,0.000000E+00,0.000000E+00,0.000000E+00,2.099388E+01,4.546299E+01,2.669570E+01,5.072494E+01
01:20:00,4.341563E+03,2.707982E+03,2.239920E-01,2.654427E-01,0.000000E+00,0.000000E+00,0.000000E+00,0.000000E+00,0.000000E+00,0.000000E+00,0.000000E+00,0.000000E+00,2.099201E+01,4.052735E+01,2.399561E+01,5.196243E+01,5.725861E+03,5.436925E+02,2.954476E-01,4.162853E-02,0.000000E+00,0.000000E+00,0.000000E+00,0.000000E+00,0.000000E+00,0.000000E+00,0.000000E+00,0.000000E+00,2.099434E+01,4.571742E+01,2.669645E+01,5.314928E+01,3.608220E+03,4.126637E+02,1.861753E-01,3.184627E-02,0.000000E+00,0.000000E+00,0.000000E+00,0.000000E+00,0.000000E+00,0.000000E+00,0.000000E+00,0.000000E+00,2.099388E+01,4.546748E+01,2.669596E+01,5.241006E+01,5.493497E+03,5.282503E+02,2.834577E-01,4.044624E-02,0.000000E+00,0.000000E+00,0.000000E+00,0.000000E+00,0.000000E+00,0.000000E+00,0.000000E+00,0.000000E+00,2.099433E+01,4.553379E+01,2.669642E+01,5.342099E+01,3.604679E+03,5.199598E+02,1.859927E-01,4.012741E-02,0.000000E+00,0.000000E+00,0.000000E+00,0.000000E+00,0.000000E+00,0.000000E+00,0.000000E+00,0.000000E+00,2.099388E+01,4.546300E+01,2.669573E+01,5.060940E+01
01:30:00,4.341585E+03,2.706299E+03,2.239932E-01,2.652760E-01,0.000000E+00,0.000000E+00,0.000000E+00,0.000000E+00,0.000000E+00,0.000000E+00,0.000000E+00,0.000000E+00,2.099201E+01,4.052739E+01,2.399566E+01,5.188585E+01,5.725877E+03,5.457699E+02,2.954484E-01,4.178757E-02,0.000000E+00,0.000000E+00,0.000000E+00,0.000000E+00,0.000000E+00,0.000000E+00,0.000000E+00,0.000000E+00,2.099434E+01,4.571743E+01,2.669645E+01,5.311684E+01,3.608230E+03,4.144352E+02,1.861759E-01,3.198297E-02,0.000000E+00,0.000000E+00,0.000000E+00,0.000000E+00,0.000000E+00,0.000000E+00,0.000000E+00,0.000000E+00,2.099388E+01,4.546749E+01,2.669598E+01,5.231565E+01,5.493513E+03,5.308244E+02,2.834586E-01,4.064340E-02,0.000000E+00,0.000000E+00,0.000000E+00,0.000000E+00,0.000000E+00,0.000000E+00,0.000000E+00,0.000000E+00,2.099433E+01,4.553380E+01,2.669642E+01,5.338383E+01,3.604690E+03,5.214700E+02,1.859932E-01,4.024389E-02,0.000000E+00,0.000000E+00,0.000000E+00,0.000000E+00,0.000000E+00,0.000000E+00,0.000000E+00,0.000000E+00,2.099388E+01,4.546301E+01,2.669577E+01,5.049352E+01
01:40:00,4.341607E+03,2.704334E+03,2.239943E-01,2.650817E-01,0.000000E+00,0.000000E+00,0.000000E+00,0.000000E+00,0.000000E+00,0.000000E+00,0.000000E+00,0.000000E+00,2.099201E+01,4.052743E+01,2.399571E+01,5.181538E+01,5.725893E+03,5.474053E+02,2.954492E-01,4.191278E-02,0.000000E+00,0.000000E+00,0.000000E+00,0.000000E+00,0.000000E+00,0.000000E+00,0.000000E+00,0.000000E+00,2.099434E+01,4.571744E+01,2.669646E+01,5.307231E+01,3.608240E+03,4.157826E+02,1.861764E-01,3.208692E-02,0.000000E+00,0.000000E+00,0.000000E+00,0.000000E+00,0.000000E+00,0.000000E+00,0.000000E+00,0.000000E+00,2.099388E+01,4.546750E+01,2.669601E+01,5.221582E+01,5.493529E+03,5.332470E+02,2.834594E-01,4.082890E-02,0.000000E+00,0.000000E+00,0.000000E+00,0.000000E+00,0.000000E+00,0.000000E+00,0.000000E+00,0.000000E+00,2.099433E+01,4.553382E+01,2.669644E+01,5.333355E+01,3.604700E+03,5.224258E+02,1.859937E-01,4.031756E-02,0.000000E+00,0.000000E+00,0.000000E+00,0.000000E+00,0.000000E+00,0.000000E+00,0.000000E+00,0.000000E+00,2.099388E+01,4.546303E+01,2.669581E+01,5.037876E+01
01:50:00,4.341629E+03,2.702145E+03,2.239954E-01,2.648656E-01,0.000000E+00,0.000000E+00,0.000000E+00,0.000000E+00,0.000000E+00,0.000000E+00,0.000000E+00,0.000000E+00,2.099201E+01,4.052747E+01,2.399576E+01,5.174950E+01,5.725908E+03,5.486681E+02,2.954500E-01,4.200944E-02,0.000000E+00,0.000000E+00,0.000000E+00,0.000000E+00,0.000000E+00,0.000000E+00,0.000000E+00,0.000000E+00,2.099434E+01,4.571745E+01,2.669648E+01,5.301794E+01,3.608250E+03,4.167668E+02,1.861769E-01,3.216282E-02,0.000000E+00,0.000000E+00,0.000000E+00,0.000000E+00,0.000000E+00,0.000000E+00,0.000000E+00,0.000000E+00,2.099388E+01,4.546751E+01,2.669604E+01,5.211250E+01,5.493544E+03,5.353353E+02,2.834602E-01,4.098871E-02,0.000000E+00,0.000000E+00,0.000000E+00,0.000000E+00,0.000000E+00,0.000000E+00,0.000000E+00,0.000000E+00,2.099433E+01,4.553383E+01,2.669645E+01,5.327242E+01,3.604710E+03,5.229205E+02,1.859942E-01,4.035562E-02,0.000000E+00,0.000000E+00,0.000000E+00,0.000000E+00,0.000000E+00,0.000000E+00,0.000000E+00,0.000000E+00,2.099388E+01,4.546304E+01,2.669586E+01,5.026617E+01
02:00:00,4.341650E+03,2.699783E+03,2.239965E-01,2.646327E-01,0.000000E+00,0.000000E+00,0.000000E+00,0.000000E+00,0.000000E+00,0.000000E+00,0.000000E+00,0.000000E+00,2.099201E+01,4.052751E+01,2.399580E+01,5.168711E+01,5.725923E+03,5.496232E+02,2.954508E-01,4.208254E-02,0.000000E+00,0.000000E+00,0.000000E+00,0.000000E+00,0.000000E+00,0.000000E+00,0.000000E+00,0.000000E+00,2.099434E+01,4.571746E+01,2.669650E+01,5.295563E+01,3.608259E+03,4.174497E+02,1.861774E-01,3.221545E-02,0.000000E+00,0.000000E+00,0.000000E+00,0.000000E+00,0.000000E+00,0.000000E+00,0.000000E+00,0.000000E+00,2.099388E+01,4.546753E+01,2.669608E+01,5.200724E+01,5.493559E+03,5.371412E+02,2.834609E-01,4.112695E-02,0.000000E+00,0.000000E+00,0.000000E+00,0.000000E+00,0.000000E+00,0.000000E+00,0.000000E+00,0.000000E+00,2.099433E+01,4.553384E+01,2.669647E+01,5.320245E+01,3.604719E+03,5.230338E+02,1.859947E-01,4.036423E-02,0.000000E+00,0.000000E+00,0.000000E+00,0.000000E+00,0.000000E+00,0.000000E+00,0.000000E+00,0.000000E+00,2.099388E+01,4.546305E+01,2.669591E+01,5.015652E+01
02:10:00,4.341670E+03,2.697135E+03,2.239975E-01,2.643718E-01,0.000000E+00,0.000000E+00,0.000000E+00,0.000000E+00,0.000000E+00,0.000000E+00,0.000000E+00,0.000000E+00,2.099201E+01,4.052755E+01,2.399585E+01,5.162744E+01,5.725937E+03,5.501832E+02,2.954515E-01,4.212538E-02,0.000000E+00,0.000000E+00,0.000000E+00,0.000000E+00,0.000000E+00,0.000000E+00,0.000000E+00,0.000000E+00,2.099434E+01,4.571747E+01,2.669652E+01,5.288702E+01,3.608269E+03,4.177932E+02,1.861779E-01,3.224188E-02,0.000000E+00,0.000000E+00,0.000000E+00,0.000000E+00,0.000000E+00,0.000000E+00,0.000000E+00,0.000000E+00,2.099388E+01,4.546754E+01,2.669612E+01,5.190125E+01,5.493573E+03,5.385712E+02,2.834617E-01,4.123639E-02,0.000000E+00,0.000000E+00,0.000000E+00,0.000000E+00,0.000000E+00,0.000000E+00,0.000000E+00,0.000000E+00,2.099433E+01,4.553385E+01,2.669649E+01,5.312538E+01,3.604728E+03,5.227411E+02,1.859952E-01,4.034151E-02,0.000000E+00,0.000000E+00,0.000000E+00,0.000000E+00,0.000000E+00,0.000000E+00,0.000000E+00,0.000000E+00,2.099388E+01,4.546306E+01,2.669596E+01,5.005032E+01
02:20:00,4.341689E+03,2.694241E+03,2.239986E-01,2.640869E-01,0.000000E+00,0.000000E+00,0.000000E+00,0.000000E+00,0.000000E+00,0.000000E+00,0.000000E+00,0.000000E+00,2.099201E+01,4.052759E+01,2.399589E+01,5.157390E+01,5.725951E+03,5.503988E+02,2.954522E-01,4.214184E-02,0.000000E+00,0.000000E+00,0.000000E+00,0.000000E+00,0.000000E+00,0.000000E+00,0.000000E+00,0.000000E+00,2.099434E+01,4.571749E+01,2.669654E+01,5.281538E+01,3.608277E+03,4.178427E+02,1.861783E-01,3.224562E-02,0.000000E+00,0.000000E+00,0.000000E+00,0.000000E+00,0.000000E+00,0.000000E+00,0.000000E+00,0.000000E+00,2.099388E+01,4.546755E+01,2.669615E+01,5.179779E+01,5.493587E+03,5.396645E+02,2.834624E-01,4.132004E-02,0.000000E+00,0.000000E+00,0.000000E+00,0.000000E+00,0.000000E+00,0.000000E+00,0.000000E+00,0.000000E+00,2.099433E+01,4.553386E+01,2.669651E+01,5.304464E+01,3.604737E+03,5.220987E+02,1.859956E-01,4.029179E-02,0.000000E+00,0.000000E+00,0.000000E+00,0.000000E+00,0.000000E+00,0.000000E+00,0.000000E+00,0.000000E+00,2.099388E+01,4.546307E+01,2.669600E+01,4.995032E+01
02:30:00,4.341709E+03,2.691135E+03,2.239995E-01,2.637813E-01,0.000000E+00,0.000000E+00,0.000000E+00,0.000000E+00,0.000000E+00,0.000000E+00,0.000000E+00,0.000000E+00,2.099201E+01,4.052762E+01,2.399592E+01,5.152484E+01,5.725964E+03,5.503149E+02,2.954529E-01,4.213535E-02,0.000000E+00,0.000000E+00,0.000000E+00,0.000000E+00,0.000000E+00,0.000000E+00,0.000000E+00,0.000000E+00,2.099434E+01,4.571750E+01,2.669657E+01,5.274166E+01,3.608286E+03,4.176374E+02,1.861788E-01,3.222968E-02,0.000000E+00,0.000000E+00,0.000000E+00,0.000000E+00,0.000000E+00,0.000000E+00,0.000000E+00,0.000000E+00,2.099388E+01,4.546756E+01,2.669619E+01,5.169727E+01,5.493600E+03,5.404578E+02,2.834631E-01,4.138072E-02,0.000000E+00,0.000000E+00,0.000000E+00,0.000000E+00,0.000000E+00,0.000000E+00,0.000000E+00,0.000000E+00,2.099433E+01,4.553388E+01,2.669654E+01,5.296127E+01,3.604746E+03,5.211547E+02,1.859961E-01,4.021880E-02,0.000000E+00,0.000000E+00,0.000000E+00,0.000000E+00,0.000000E+00,0.000000E+00,0.000000E+00,0.000000E+00,2.099388E+01,4.546308E+01,2.669605E+01,4.985632E+01
02:40:00,4.341727E+03,2.687849E+03,2.240005E-01,2.634581E-01,0.000000E+00,0.000000E+00,0.000000E+00,0.000000E+00,0.000000E+00,0.000000E+00,0.000000E+00,0.000000E+00,2.099201E+01,4.052766E+01,2.399596E+01,5.147909E+01,5.725977E+03,5.499709E+02,2.954536E-01,4.210894E-02,0.000000E+00,0.000000E+00,0.000000E+00,0.000000E+00,0.000000E+00,0.000000E+00,0.000000E+00,0.000000E+00,2.099434E+01,4.571751E+01,2.669659E+01,5.266666E+01,3.608294E+03,4.172112E+02,1.861792E-01,3.219670E-02,0.000000E+00,0.000000E+00,0.000000E+00,0.000000E+00,0.000000E+00,0.000000E+00,0.000000E+00,0.000000E+00,2.099388E+01,4.546757E+01,2.669623E+01,5.160002E+01,5.493613E+03,5.409849E+02,2.834637E-01,4.142102E-02,0.000000E+00,0.000000E+00,0.000000E+00,0.000000E+00,0.000000E+00,0.000000E+00,0.000000E+00,0.000000E+00,2.099433E+01,4.553389E+01,2.669656E+01,5.287615E+01,3.604754E+03,5.199504E+02,1.859965E-01,4.012572E-02,0.000000E+00,0.000000E+00,0.000000E+00,0.000000E+00,0.000000E+00,0.000000E+00,0.000000E+00,0.000000E+00,2.099388E+01,4.546309E+01,2.669609E+01,4.976809E+01
02:50:00,4.341745E+03,2.684411E+03,2.240014E-01,2.631201E-01,0.000000E+00,0.000000E+00,0.000000E+00,0.000000E+00,0.000000E+00,0.000000E+00,0.000000E+00,0.000000E+00,2.099201E+01,4.052769E+01,2.399599E+01,5.143583E+01,5.725990E+03,5.494016E+02,2.954542E-01,4.206528E-02,0.000000E+00,0.000000E+00,0.000000E+00,0.000000E+00,0.000000E+00,0.000000E+00,0.000000E+00,0.000000E+00,2.099434E+01,4.571752E+01,2.669662E+01,5.259104E+01,3.608303E+03,4.165936E+02,1.861796E-01,3.214894E-02,0.000000E+00,0.000000E+00,0.000000E+00,0.000000E+00,0.000000E+00,0.000000E+00,0.000000E+00,0.000000E+00,2.099388E+01,4.546758E+01,2.669627E+01,5.150624E+01,5.493626E+03,5.412767E+02,2.834644E-01,4.144329E-02,0.000000E+00,0.000000E+00,0.000000E+00,0.000000E+00,0.000000E+00,0.000000E+00,0.000000E+00,0.000000E+00,2.099433E+01,4.553390E+01,2.669658E+01,5.279004E+01,3.604762E+03,5.185216E+02,1.859969E-01,4.001531E-02,0.000000E+00,0.000000E+00,0.000000E+00,0.000000E+00,0.000000E+00,0.000000E+00,0.000000E+00,0.000000E+00,2.099388E+01,4.546310E+01,2.669613E+01,4.968537E+01
03:00:00,4.341763E+03,2.680846E+03,2.240023E-01,2.627696E-01,0.000000E+00,0.000000E+00,0.000000E+00,0.000000E+00,0.000000E+00,0.000000E+00,0.000000E+00,0.000000E+00,2.099201E+01,4.052773E+01,2.399602E+01,5.139446E+01,5.726002E+03,5.486383E+02,2.954549E-01,4.200675E-02,0.000000E+00,0.000000E+00,0.000000E+00,0.000000E+00,0.000000E+00,0.000000E+00,0.000000E+00,0.000000E+00,2.099434E+01,4.571752E+01,2.669665E+01,5.251537E+01,3.608311E+03,4.158104E+02,1.861800E-01,3.208841E-02,0.000000E+00,0.000000E+00,0.000000E+00,0.000000E+00,0.000000E+00,0.000000E+00,0.000000E+00,0.000000E+00,2.099388E+01,4.546759E+01,2.669631E+01,5.141604E+01,5.493639E+03,5.413613E+02,2.834650E-01,4.144969E-02,0.000000E+00,0.000000E+00,0.000000E+00,0.000000E+00,0.000000E+00,0.000000E+00,0.000000E+00,0.000000E+00,2.099433E+01,4.553391E+01,2.669661E+01,5.270355E+01,3.604770E+03,5.168995E+02,1.859974E-01,3.988998E-02,0.000000E+00,0.000000E+00,0.000000E+00,0.000000E+00,0.000000E+00,0.000000E+00,0.000000E+00,0.000000E+00,2.099388E+01,4.546311E+01,2.669618E+01,4.960785E+01
03:10:00,4.341780E+03,2.677014E+03,2.240032E-01,2.623931E-01,0.000000E+00,0.000000E+00,0.000000E+00,0.000000E+00,0.000000E+00,0.000000E+00,0.000000E+00,0.000000E+00,2.099201E+01,4.052776E+01,2.399605E+01,5.135457E+01,5.726014E+03,5.475583E+02,2.954555E-01,4.192397E-02,0.000000E+00,0.000000E+00,0.000000E+00,0.000000E+00,0.000000E+00,0.000000E+00,0.000000E+00,0.000000E+00,2.099434E+01,4.571753E+01,2.669668E+01,5.244009E+01,3.608318E+03,4.147908E+02,1.861804E-01,3.200963E-02,0.000000E+00,0.000000E+00,0.000000E+00,0.000000E+00,0.000000E+00,0.000000E+00,0.000000E+00,0.000000E+00,2.099388E+01,4.546760E+01,2.669635E+01,5.132947E+01,5.493651E+03,5.411247E+02,2.834657E-01,4.143150E-02,0.000000E+00,0.000000E+00,0.000000E+00,0.000000E+00,0.000000E+00,0.000000E+00,0.000000E+00,0.000000E+00,2.099433E+01,4.553392E+01,2.669664E+01,5.261721E+01,3.604778E+03,5.150171E+02,1.859978E-01,3.974457E-02,0.000000E+00,0.000000E+00,0.000000E+00,0.000000E+00,0.000000E+00,0.000000E+00,0.000000E+00,0.000000E+00,2.099388E+01,4.546312E+01,2.669622E+01,4.953525E+01
03:20:00,4.341797E+03,2.672934E+03,2.240041E-01,2.619924E-01,0.000000E+00,0.000000E+00,0.000000E+00,0.000000E+00,0.000000E+00,0.000000E+00,0.000000E+00,0.000000E+00,2.099201E+01,4.052779E+01,2.399608E+01,5.131584E+01,5.726026E+03,5.461840E+02,2.954561E-01,4.181867E-02,0.000000E+00,0.000000E+00,0.000000E+00,0.000000E+00,0.000000E+00,0.000000E+00,0.000000E+00,0.000000E+00,2.099434E+01,4.571754E+01,2.669671E+01,5.236560E+01,3.608326E+03,4.135530E+02,1.861808E-01,3.191401E-02,0.000000E+00,0.000000E+00,0.000000E+00,0.000000E+00,0.000000E+00,0.000000E+00,0.000000E+00,0.000000E+00,2.099388E+01,4.546761E+01,2.669639E+01,5.124656E+01,5.493662E+03,5.405884E+02,2.834663E-01,4.139035E-02,0.000000E+00,0.000000E+00,0.000000E+00,0.000000E+00,0.000000E+00,0.000000E+00,0.000000E+00,0.000000E+00,2.099433E+01,4.553393E+01,2.669667E+01,5.253144E+01,3.604785E+03,5.128963E+02,1.859981E-01,3.958078E-02,0.000000E+00,0.000000E+00,0.000000E+00,0.000000E+00,0.000000E+00,0.000000E+00,0.000000E+00,0.000000E+00,2.099388E+01,4.546313E+01,2.669626E+01,4.946729E+01
03:30:00,4.341813E+03,2.668623E+03,2.240049E-01,2.615690E-01,0.000000E+00,0.000000E+00,0.000000E+00,0.000000E+00,0.000000E+00,0.000000E+00,0.000000E+00,0.000000E+00,2.099201E+01,4.052782E+01,2.399611E+01,5.127806E+01,5.726037E+03,5.445350E+02,2.954567E-01,4.169231E-02,0.000000E+00,0.000000E+00,0.000000E+00,0.000000E+00,0.000000E+00,0.000000E+00,0.000000E+00,0.000000E+00,2.099434E+01,4.571755E+01,2.669674E+01,5.229219E+01,3.608333E+03,4.121130E+02,1.861812E-01,3.180278E-02,0.000000E+00,0.000000E+00,0.000000E+00,0.000000E+00,0.000000E+00,0.000000E+00,0.000000E+00,0.000000E+00,2.099388E+01,4.546762E+01,2.669643E+01,5.116726E+01,5.493674E+03,5.397709E+02,2.834669E-01,4.132767E-02,0.000000E+00,0.000000E+00,0.000000E+00,0.000000E+00,0.000000E+00,0.000000E+00,0.000000E+00,0.000000E+00,2.099433E+01,4.553394E+01,2.669670E+01,5.244660E+01,3.604793E+03,5.105563E+02,1.859985E-01,3.940007E-02,0.000000E+00,0.000000E+00,0.000000E+00,0.000000E+00,0.000000E+00,0.000000E+00,0.000000E+00,0.000000E+00,2.099388E+01,4.546314E+01,2.669631E+01,4.940367E+01
03:40:00,4.341829E+03,2.664096E+03,2.240058E-01,2.611245E-01,0.000000E+00,0.000000E+00,0.000000E+00,0.000000E+00,0.000000E+00,0.000000E+00,0.000000E+00,0.000000E+00,2.099201E+01,4.052785E+01,2.399614E+01,5.124107E+01,5.726049E+03,5.426281E+02,2.954573E-01,4.154622E-02,0.000000E+00,0.000000E+00,0.000000E+00,0.000000E+00,0.000000E+00,0.000000E+00,0.000000E+00,0.000000E+00,2.099434E+01,4.571756E+01,2.669677E+01,5.222011E+01,3.608340E+03,4.104847E+02,1.861816E-01,3.167703E-02,0.000000E+00,0.000000E+00,0.000000E+00,0.000000E+00,0.000000E+00,0.000000E+00,0.000000E+00,0.000000E+00,2.099388E+01,4.546763E+01,2.669646E+01,5.109151E+01,5.493685E+03,5.386888E+02,2.834674E-01,4.124473E-02,0.000000E+00,0.000000E+00,0.000000E+00,0.000000E+00,0.000000E+00,0.000000E+00,0.000000E+00,0.000000E+00,2.099433E+01,4.553394E+01,2.669673E+01,5.236298E+01,3.604800E+03,5.080140E+02,1.859989E-01,3.920374E-02,0.000000E+00,0.000000E+00,0.000000E+00,0.000000E+00,0.000000E+00,0.000000E+00,0.000000E+00,0.000000E+00,2.099388E+01,4.546315E+01,2.669635E+01,4.934412E+01
03:50:00,4.341845E+03,2.659367E+03,2.240066E-01,2.606602E-01,0.000000E+00,0.000000E+00,0.000000E+00,0.000000E+00,0.000000E+00,0.000000E+00,0.000000E+00,0.000000E+00,2.099201E+01,4.052788E+01,2.399617E+01,5.120473E+01,5.726059E+03,5.404788E+02,2.954578E-01,4.138156E-02,0.000000E+00,0.000000E+00,0.000000E+00,0.000000E+00,0.000000E+00,0.000000E+00,0.000000E+00,0.000000E+00,2.099434E+01,4.571757E+01,2.669680E+01,5.214956E+01,3.608347E+03,4.086807E+02,1.861819E-01,3.153772E-02,0.000000E+00,0.000000E+00,0.000000E+00,0.000000E+00,0.000000E+00,0.000000E+00,0.000000E+00,0.000000E+00,2.099388E+01,4.546764E+01,2.669650E+01,5.101923E+01,5.493696E+03,5.373574E+02,2.834680E-01,4.114269E-02,0.000000E+00,0.000000E+00,0.000000E+00,0.000000E+00,0.000000E+00,0.000000E+00,0.000000E+00,0.000000E+00,2.099433E+01,4.553395E+01,2.669676E+01,5.228082E+01,3.604807E+03,5.052844E+02,1.859992E-01,3.899297E-02,0.000000E+00,0.000000E+00,0.000000E+00,0.000000E+00,0.000000E+00,0.000000E+00,0.000000E+00,0.000000E+00,2.099388E+01,4.546316E+01,2.669639E+01,4.928838E+01
04:00:00,4.341860E+03,2.654450E+03,2.240073E-01,2.601775E-01,0.000000E+00,0.000000E+00,0.000000E+00,0.000000E+00,0.000000E+00,0.000000E+00,0.000000E+00,0.000000E+00,2.099201E+01,4.052791E+01,2.399620E+01,5.116896E+01,5.726070E+03,5.381012E+02,2.954584E-01,4.119941E-02,0.000000E+00,0.000000E+00,0.000000E+00,0.000000E+00,0.000000E+00,0.000000E+00,0.000000E+00,0.000000E+00,2.099434E+01,4.571758E+01,2.669684E+01,5.208069E+01,3.608354E+03,4.067125E+02,1.861823E-01,3.138574E-02,0.000000E+00,0.000000E+00,0.000000E+00,0.000000E+00,0.000000E+00,0.000000E+00,0.000000E+00,0.000000E+00,2.099388E+01,4.546765E+01,2.669654E+01,5.095032E+01,5.493706E+03,5.357906E+02,2.834685E-01,4.102263E-02,0.000000E+00,0.000000E+00,0.000000E+00,0.000000E+00,0.000000E+00,0.000000E+00,0.000000E+00,0.000000E+00,2.099433E+01,4.553396E+01,2.669679E+01,5.220029E+01,3.604813E+03,5.023811E+02,1.859996E-01,3.876879E-02,0.000000E+00,0.000000E+00,0.000000E+00,0.000000E+00,0.000000E+00,0.000000E+00,0.000000E+00,0.000000E+00,2.099388E+01,4.546317E+01,2.669643E+01,4.923621E+01
04:10:00,4.341874E+03,2.649518E+03,2.240081E-01,2.596933E-01,0.000000E+00,0.000000E+00,0.000000E+00,0.000000E+00,0.000000E+00,0.000000E+00,0.000000E+00,0.000000E+00,2.099201E+01,4.052793E+01,2.399623E+01,5.113368E+01,5.726080E+03,5.356662E+02,2.954589E-01,4.101287E-02,0.000000E+00,0.000000E+00,0.000000E+00,0.000000E+00,0.000000E+00,0.000000E+00,0.000000E+00,0.000000E+00,2.099434E+01,4.571758E+01,2.669687E+01,5.201362E+01,3.608360E+03,4.046887E+02,1.861826E-01,3.122947E-02,0.000000E+00,0.000000E+00,0.000000E+00,0.000000E+00,0.000000E+00,0.000000E+00,0.000000E+00,0.000000E+00,2.099388E+01,4.546765E+01,2.669658E+01,5.088467E+01,5.493716E+03,5.341473E+02,2.834691E-01,4.089671E-02,0.000000E+00,0.000000E+00,0.000000E+00,0.000000E+00,0.000000E+00,0.000000E+00,0.000000E+00,0.000000E+00,2.099433E+01,4.553397E+01,2.669683E+01,5.212155E+01,3.604820E+03,4.994155E+02,1.859999E-01,3.853981E-02,0.000000E+00,0.000000E+00,0.000000E+00,0.000000E+00,0.000000E+00,0.000000E+00,0.000000E+00,0.000000E+00,2.099388E+01,4.546318E+01,2.669647E+01,4.918736E+01
04:20:00,4.341889E+03,2.644584E+03,2.240088E-01,2.592090E-01,0.000000E+00,0.000000E+00,0.000000E+00,0.000000E+00,0.000000E+00,0.000000E+00,0.000000E+00,0.000000E+00,2.099201E+01,4.052796E+01,2.399625E+01,5.110273E+01,5.726090E+03,5.331725E+02,2.954594E-01,4.082184E-02,0.000000E+00,0.000000E+00,0.000000E+00,0.000000E+00,0.000000E+00,0.000000E+00,0.000000E+00,0.000000E+00,2.099434E+01,4.571759E+01,2.669690E+01,5.195023E+01,3.608367E+03,4.026117E+02,1.861829E-01,3.106909E-02,0.000000E+00,0.000000E+00,0.000000E+00,0.000000E+00,0.000000E+00,0.000000E+00,0.000000E+00,0.000000E+00,2.099388E+01,4.546766E+01,2.669661E+01,5.082437E+01,5.493726E+03,5.324287E+02,2.834696E-01,4.076503E-02,0.000000E+00,0.000000E+00,0.000000E+00,0.000000E+00,0.000000E+00,0.000000E+00,0.000000E+00,0.000000E+00,2.099433E+01,4.553398E+01,2.669686E+01,5.204658E+01,3.604826E+03,4.963913E+02,1.860002E-01,3.830631E-02,0.000000E+00,0.000000E+00,0.000000E+00,0.000000E+00,0.000000E+00,0.000000E+00,0.000000E+00,0.000000E+00,2.099388E+01,4.546319E+01,2.669650E+01,4.914397E+01
04:30:00,4.341903E+03,2.639671E+03,2.240096E-01,2.587268E-01,0.000000E+00,0.000000E+00,0.000000E+00,0.000000E+00,0.000000E+00,0.000000E+00,0.000000E+00,0.000000E+00,2.099201E+01,4.052799E+01,2.399628E+01,5.107490E+01,5.726100E+03,5.306424E+02,2.954599E-01,4.062803E-02,0.000000E+00,0.000000E+00,0.000000E+00,0.000000E+00,0.000000E+00,0.000000E+00,0.000000E+00,0.000000E+00,2.099434E+01,4.571760E+01,2.669693E+01,5.189048E+01,3.608373E+03,4.004983E+02,1.861832E-01,3.090591E-02,0.000000E+00,0.000000E+00,0.000000E+00,0.000000E+00,0.000000E+00,0.000000E+00,0.000000E+00,0.000000E+00,2.099388E+01,4.546767E+01,2.669665E+01,5.076910E+01,5.493736E+03,5.306538E+02,2.834701E-01,4.062904E-02,0.000000E+00,0.000000E+00,0.000000E+00,0.000000E+00,0.000000E+00,0.000000E+00,0.000000E+00,0.000000E+00,2.099433E+01,4.553399E+01,2.669688E+01,5.197535E+01,3.604832E+03,4.933297E+02,1.860006E-01,3.806994E-02,0.000000E+00,0.000000E+00,0.000000E+00,0.000000E+00,0.000000E+00,0.000000E+00,0.000000E+00,0.000000E+00,2.099388E+01,4.546319E+01,2.669654E+01,4.910559E+01
04:40:00,4.341917E+03,2.634788E+03,2.240103E-01,2.582474E-01,0.000000E+00,0.000000E+00,0.000000E+00,0.000000E+00,0.000000E+00,0.000000E+00,0.000000E+00,0.000000E+00,2.099201E+01,4.052801E+01,2.399630E+01,5.104925E+01,5.726109E+03,5.280901E+02,2.954604E-01,4.043252E-02,0.000000E+00,0.000000E+00,0.000000E+00,0.000000E+00,0.000000E+00,0.000000E+00,0.000000E+00,0.000000E+00,2.099434E+01,4.571761E+01,2.669696E+01,5.183416E+01,3.608379E+03,3.983583E+02,1.861836E-01,3.074069E-02,0.000000E+00,0.000000E+00,0.000000E+00,0.000000E+00,0.000000E+00,0.000000E+00,0.000000E+00,0.000000E+00,2.099388E+01,4.546768E+01,2.669668E+01,5.071839E+01,5.493745E+03,5.288364E+02,2.834706E-01,4.048980E-02,0.000000E+00,0.000000E+00,0.000000E+00,0.000000E+00,0.000000E+00,0.000000E+00,0.000000E+00,0.000000E+00,2.099433E+01,4.553399E+01,2.669691E+01,5.190767E+01,3.604838E+03,4.902397E+02,1.860009E-01,3.783138E-02,0.000000E+00,0.000000E+00,0.000000E+00,0.000000E+00,0.000000E+00,0.000000E+00,0.000000E+00,0.000000E+00,2.099388E+01,4.546320E+01,2.669657E+01,4.907160E+01
04:50:00,4.341930E+03,2.629948E+03,2.240110E-01,2.577724E-01,0.000000E+00,0.000000E+00,0.000000E+00,0.000000E+00,0.000000E+00,0.000000E+00,0.000000E+00,0.000000E+00,2.099201E+01,4.052804E+01,2.399632E+01,5.102522E+01,5.726118E+03,5.255583E+02,2.954608E-01,4.023858E-02,0.000000E+00,0.000000E+00,0.000000E+00,0.000000E+00,0.000000E+00,0.000000E+00,0.000000E+00,0.000000E+00,2.099434E+01,4.571761E+01,2.669699E+01,5.178110E+01,3.608385E+03,3.964431E+02,1.861839E-01,3.059281E-02,0.000000E+00,0.000000E+00,0.000000E+00,0.000000E+00,0.000000E+00,0.000000E+00,0.000000E+00,0.000000E+00,2.099388E+01,4.546768E+01,2.669671E+01,5.067189E+01,5.493755E+03,5.271694E+02,2.834710E-01,4.036207E-02,0.000000E+00,0.000000E+00,0.000000E+00,0.000000E+00,0.000000E+00,0.000000E+00,0.000000E+00,0.000000E+00,2.099433E+01,4.553400E+01,2.669694E+01,5.184339E+01,3.604844E+03,4.871589E+02,1.860012E-01,3.759352E-02,0.000000E+00,0.000000E+00,0.000000E+00,0.000000E+00,0.000000E+00,0.000000E+00,0.000000E+00,0.000000E+00,2.099388E+01,4.546321E+01,2.669660E+01,4.904160E+01
05:00:00,4.341943E+03,2.625335E+03,2.240116E-01,2.573197E-01,0.000000E+00,0.000000E+00,0.000000E+00,0.000000E+00,0.000000E+00,0.000000E+00,0.000000E+00,0.000000E+00,2.099201E+01,4.052806E+01,2.399634E+01,5.100237E+01,5.726127E+03,5.237638E+02,2.954613E-01,4.010109E-02,0.000000E+00,0.000000E+00,0.000000E+00,0.000000E+00,0.000000E+00,0.000000E+00,0.000000E+00,0.000000E+00,2.099434E+01,4.571762E+01,2.669701E+01,5.173088E+01,3.608390E+03,4.002271E+02,1.861842E-01,3.088474E-02,0.000000E+00,0.000000E+00,0.000000E+00,0.000000E+00,0.000000E+00,0.000000E+00,0.000000E+00,0.000000E+00,2.099388E+01,4.546769E+01,2.669673E+01,5.062591E+01,5.493764E+03,5.295626E+02,2.834715E-01,4.054521E-02,0.000000E+00,0.000000E+00,0.000000E+00,0.000000E+00,0.000000E+00,0.000000E+00,0.000000E+00,0.000000E+00,2.099433E+01,4.553401E+01,2.669696E+01,5.178072E+01,3.604850E+03,4.844909E+02,1.860015E-01,3.738754E-02,0.000000E+00,0.000000E+00,0.000000E+00,0.000000E+00,0.000000E+00,0.000000E+00,0.000000E+00,0.000000E+00,2.099388E+01,4.546322E+01,2.669663E+01,4.901489E+01
05:10:00,4.341956E+03,2.622103E+03,2.240123E-01,2.570023E-01,0.000000E+00,0.000000E+00,0.000000E+00,0.000000E+00,0.000000E+00,0.000000E+00,0.000000E+00,0.000000E+00,2.099201E+01,4.052809E+01,2.399636E+01,5.097978E+01,5.726136E+03,5.243311E+02,2.954618E-01,4.014445E-02,0.000000E+00,0.000000E+00,0.000000E+00,0.000000E+00,0.000000E+00,0.000000E+00,0.000000E+00,0.000000E+00,2.099434E+01,4.571763E+01,2.669702E+01,5.167708E+01,3.608396E+03,4.170913E+02,1.861844E-01,3.218617E-02,0.000000E+00,0.000000E+00,0.000000E+00,0.000000E+00,0.000000E+00,0.000000E+00,0.000000E+00,0.000000E+00,2.099388E+01,4.546770E+01,2.669648E+01,5.050525E+01,5.493772E+03,5.408092E+02,2.834719E-01,4.140629E-02,0.000000E+00,0.000000E+00,0.000000E+00,0.000000E+00,0.000000E+00,0.000000E+00,0.000000E+00,0.000000E+00,2.099433E+01,4.553402E+01,2.669685E+01,5.168477E+01,3.604855E+03,4.832336E+02,1.860018E-01,3.729043E-02,0.000000E+00,0.000000E+00,0.000000E+00,0.000000E+00,0.000000E+00,0.000000E+00,0.000000E+00,0.000000E+00,2.099388E+01,4.546322E+01,2.669664E+01,4.898646E+01
05:20:00,4.341968E+03,2.621217E+03,2.240129E-01,2.569150E-01,0.000000E+00,0.000000E+00,0.000000E+00,0.000000E+00,0.000000E+00,0.000000E+00,0.000000E+00,0.000000E+00,2.099201E+01,4.052811E+01,2.399637E+01,5.097065E+01,5.726144E+03,5.282317E+02,2.954622E-01,4.044306E-02,0.000000E+00,0.000000E+00,0.000000E+00,0.000000E+00,0.000000E+00,0.000000E+00,0.000000E+00,0.000000E+00,2.099434E+01,4.571763E+01,2.669696E+01,5.161722E+01,3.608401E+03,4.504376E+02,1.861847E-01,3.475987E-02,0.000000E+00,0.000000E+00,0.000000E+00,0.000000E+00,0.000000E+00,0.000000E+00,0.000000E+00,0.000000E+00,2.099388E+01,4.546771E+01,2.669592E+01,5.023358E+01,5.493781E+03,5.618674E+02,2.834724E-01,4.301877E-02,0.000000E+00,0.000000E+00,0.000000E+00,0.000000E+00,0.000000E+00,0.000000E+00,0.000000E+00,0.000000E+00,2.099433E+01,4.553402E+01,2.669657E+01,5.152843E+01,3.604861E+03,4.839710E+02,1.860020E-01,3.734728E-02,0.000000E+00,0.000000E+00,0.000000E+00,0.000000E+00,0.000000E+00,0.000000E+00,0.000000E+00,0.000000E+00,2.099388E+01,4.546323E+01,2.669661E+01,4.895776E+01
05:30:00,4.341980E+03,2.623488E+03,2.240135E-01,2.571371E-01,0.000000E+00,0.000000E+00,0.000000E+00,0.000000E+00,0.000000E+00,0.000000E+00,0.000000E+00,0.000000E+00,2.099201E+01,4.052813E+01,2.399636E+01,5.096768E+01,5.726152E+03,5.365688E+02,2.954626E-01,4.108140E-02,0.000000E+00,0.000000E+00,0.000000E+00,0.000000E+00,0.000000E+00,0.000000E+00,0.000000E+00,0.000000E+00,2.099434E+01,4.571764E+01,2.669688E+01,5.154370E+01,3.608407E+03,5.053994E+02,1.861850E-01,3.900211E-02,0.000000E+00,0.000000E+00,0.000000E+00,0.000000E+00,0.000000E+00,0.000000E+00,0.000000E+00,0.000000E+00,2.099388E+01,4.546771E+01,2.669537E+01,4.979460E+01,5.493789E+03,5.928076E+02,2.834728E-01,4.538805E-02,0.000000E+00,0.000000E+00,0.000000E+00,0.000000E+00,0.000000E+00,0.000000E+00,0.000000E+00,0.000000E+00,2.099433E+01,4.553403E+01,2.669634E+01,5.131131E+01,3.604866E+03,4.872764E+02,1.860023E-01,3.760234E-02,0.000000E+00,0.000000E+00,0.000000E+00,0.000000E+00,0.000000E+00,0.000000E+00,0.000000E+00,0.000000E+00,2.099388E+01,4.546324E+01,2.669656E+01,4.892218E+01
05:40:00,4.341992E+03,2.629483E+03,2.240142E-01,2.577245E-01,0.000000E+00,0.000000E+00,0.000000E+00,0.000000E+00,0.000000E+00,0.000000E+00,0.000000E+00,0.000000E+00,2.099201E+01,4.052815E+01,2.399635E+01,5.096620E+01,5.726160E+03,5.495776E+02,2.954630E-01,4.207751E-02,0.000000E+00,0.000000E+00,0.000000E+00,0.000000E+00,0.000000E+00,0.000000E+00,0.000000E+00,0.000000E+00,2.099434E+01,4.571765E+01,2.669676E+01,5.144862E+01,3.608412E+03,5.824213E+02,1.861853E-01,4.494741E-02,0.000000E+00,0.000000E+00,0.000000E+00,0.000000E+00,0.000000E+00,0.000000E+00,0.000000E+00,0.000000E+00,2.099388E+01,4.546772E+01,2.669474E+01,4.916695E+01,5.493797E+03,6.315750E+02,2.834732E-01,4.835682E-02,0.000000E+00,0.000000E+00,0.000000E+00,0.000000E+00,0.000000E+00,0.000000E+00,0.000000E+00,0.000000E+00,2.099433E+01,4.553404E+01,2.669612E+01,5.104288E+01,3.604871E+03,4.931175E+02,1.860026E-01,3.805312E-02,0.000000E+00,0.000000E+00,0.000000E+00,0.000000E+00,0.000000E+00,0.000000E+00,0.000000E+00,0.000000E+00,2.099388E+01,4.546324E+01,2.669650E+01,4.887407E+01
05:50:00,4.342003E+03,2.639092E+03,2.240147E-01,2.586638E-01,0.000000E+00,0.000000E+00,0.000000E+00,0.000000E+00,0.000000E+00,0.000000E+00,0.000000E+00,0.000000E+00,2.099201E+01,4.052818E+01,2.399691E+01,5.096149E+01,5.726168E+03,5.671713E+02,2.954634E-01,4.342436E-02,0.000000E+00,0.000000E+00,0.000000E+00,0.000000E+00,0.000000E+00,0.000000E+00,0.000000E+00,0.000000E+00,2.099434E+01,4.571765E+01,2.669729E+01,5.129680E+01,3.608417E+03,6.809116E+02,1.861855E-01,5.254927E-02,0.000000E+00,0.000000E+00,0.000000E+00,0.000000E+00,0.000000E+00,0.000000E+00,0.000000E+00,0.000000E+00,2.099388E+01,4.546772E+01,2.669512E+01,4.818498E+01,5.493805E+03,6.764818E+02,2.834736E-01,5.179519E-02,0.000000E+00,0.000000E+00,0.000000E+00,0.000000E+00,0.000000E+00,0.000000E+00,0.000000E+00,0.000000E+00,2.099433E+01,4.553404E+01,2.669674E+01,5.067044E+01,3.604876E+03,5.011919E+02,1.860028E-01,3.867596E-02,0.000000E+00,0.000000E+00,0.000000E+00,0.000000E+00,0.000000E+00,0.000000E+00,0.000000E+00,0.000000E+00,2.099388E+01,4.546325E+01,2.669707E+01,4.879794E+01
06:00:00,4.342015E+03,2.652614E+03,2.240153E-01,2.599838E-01,0.000000E+00,0.000000E+00,0.000000E+00,0.000000E+00,0.000000E+00,0.000000E+00,0.000000E+00,0.000000E+00,2.099201E+01,4.052820E+01,2.399755E+01,5.095686E+01,5.726176E+03,5.889909E+02,2.954638E-01,4.509434E-02,0.000000E+00,0.000000E+00,0.000000E+00,0.000000E+00,0.000000E+00,0.000000E+00,0.000000E+00,0.000000E+00,2.099434E+01,4.571766E+01,2.669791E+01,5.117324E+01,3.608422E+03,7.947552E+02,1.861858E-01,6.133491E-02,0.000000E+00,0.000000E+00,0.000000E+00,0.000000E+00,0.000000E+00,0.000000E+00,0.000000E+00,0.000000E+00,2.099388E+01,4.546773E+01,2.669620E+01,4.744721E+01,5.493813E+03,7.226586E+02,2.834740E-01,5.533016E-02,0.000000E+00,0.000000E+00,0.000000E+00,0.000000E+00,0.000000E+00,0.000000E+00,0.000000E+00,0.000000E+00,2.099433E+01,4.553405E+01,2.669753E+01,5.040612E+01,3.604881E+03,5.111663E+02,1.860031E-01,3.944508E-02,0.000000E+00,0.000000E+00,0.000000E+00,0.000000E+00,0.000000E+00,0.000000E+00,0.000000E+00,0.000000E+00,2.099388E+01,4.546325E+01,2.669771E+01,4.873930E+01
06:10:00,4.016022E+03,2.759568E+03,2.071966E-01,2.704557E-01,0.000000E+00,0.000000E+00,0.000000E+00,0.000000E+00,0.000000E+00,0.000000E+00,0.000000E+00,0.000000E+00,2.099201E+01,4.052822E+01,2.399842E+01,5.064856E+01,5.544019E+03,1.244854E+03,2.860647E-01,1.027785E-01,0.000000E+00,0.000000E+00,0.000000E+00,0.000000E+00,0.000000E+00,0.000000E+00,0.000000E+00,0.000000E+00,2.099434E+01,4.571766E+01,2.459951E+01,5.458950E+01,3.486983E+03,1.353046E+03,1.799198E-01,1.121912E-01,0.000000E+00,0.000000E+00,0.000000E+00,0.000000E+00,0.000000E+00,0.000000E+00,0.000000E+00,0.000000E+00,2.099388E+01,4.546774E+01,2.461088E+01,5.029926E+01,5.311655E+03,1.407415E+03,2.740749E-01,1.158682E-01,0.000000E+00,0.000000E+00,0.000000E+00,0.000000E+00,0.000000E+00,0.000000E+00,0.000000E+00,0.000000E+00,2.099433E+01,4.553406E+01,2.460080E+01,5.372754E+01,3.483443E+03,9.282969E+02,1.797372E-01,7.708366E-02,0.000000E+00,0.000000E+00,0.000000E+00,0.000000E+00,0.000000E+00,0.000000E+00,0.000000E+00,0.000000E+00,2.099388E+01,4.546326E+01,2.460303E+01,5.234353E+01
06:20:00,3.689904E+03,2.867712E+03,1.903749E-01,2.810452E-01,0.000000E+00,0.000000E+00,0.000000E+00,0.000000E+00,0.000000E+00,0.000000E+00,0.000000E+00,0.000000E+00,2.099533E+01,4.122883E+01,2.399826E+01,5.016099E+01,5.361846E+03,1.779360E+03,2.766667E-01,1.563881E-01,0.000000E+00,0.000000E+00,0.000000E+00,0.000000E+00,0.000000E+00,0.000000E+00,0.000000E+00,0.000000E+00,2.099523E+01,4.672086E+01,2.401954E+01,5.354400E+01,3.365538E+03,1.858136E+03,1.736549E-01,1.635958E-01,0.000000E+00,0.000000E+00,0.000000E+00,0.000000E+00,0.000000E+00,0.000000E+00,0.000000E+00,0.000000E+00,2.099490E+01,4.655655E+01,2.402629E+01,4.946059E+01,5.129484E+03,1.960820E+03,2.646770E-01,1.716538E-01,0.000000E+00,0.000000E+00,0.000000E+00,0.000000E+00,0.000000E+00,0.000000E+00,0.000000E+00,0.000000E+00,2.099527E+01,4.652661E+01,2.402033E+01,5.275305E+01,3.361998E+03,1.270860E+03,1.734722E-01,1.122682E-01,0.000000E+00,0.000000E+00,0.000000E+00,0.000000E+00,0.000000E+00,0.000000E+00,0.000000E+00,0.000000E+00,2.099490E+01,4.655180E+01,2.402166E+01,5.159524E+01
06:30:00,3.363702E+03,2.969353E+03,1.735494E-01,2.909974E-01,0.000000E+00,0.000000E+00,0.000000E+00,0.000000E+00,0.000000E+00,0.000000E+00,0.000000E+00,0.000000E+00,2.099581E+01,4.183325E+01,2.399824E+01,4.970523E+01,5.179637E+03,2.267273E+03,2.672688E-01,2.056889E-01,0.000000E+00,0.000000E+00,0.000000E+00,0.000000E+00,0.000000E+00,0.000000E+00,0.000000E+00,0.000000E+00,2.099619E+01,4.741239E+01,2.399785E+01,5.102136E+01,3.244071E+03,2.320845E+03,1.673902E-01,2.114470E-01,0.000000E+00,0.000000E+00,0.000000E+00,0.000000E+00,0.000000E+00,0.000000E+00,0.000000E+00,0.000000E+00,2.099595E+01,4.729320E+01,2.399960E+01,4.767533E+01,4.947275E+03,2.452653E+03,2.552789E-01,2.218019E-01,0.000000E+00,0.000000E+00,0.000000E+00,0.000000E+00,0.000000E+00,0.000000E+00,0.000000E+00,0.000000E+00,2.099618E+01,4.722345E+01,2.399810E+01,5.040291E+01,3.240530E+03,1.579583E+03,1.672075E-01,1.442752E-01,0.000000E+00,0.000000E+00,0.000000E+00,0.000000E+00,0.000000E+00,0.000000E+00,0.000000E+00,0.000000E+00,2.099595E+01,4.728860E+01,2.399852E+01,4.954918E+01
06:40:00,3.037435E+03,3.062144E+03,1.567209E-01,3.000815E-01,0.000000E+00,0.000000E+00,0.000000E+00,0.000000E+00,0.000000E+00,0.000000E+00,0.000000E+00,0.000000E+00,2.099609E+01,4.234992E+01,2.399838E+01,4.942295E+01,4.997378E+03,2.731732E+03,2.578698E-01,2.528006E-01,0.000000E+00,0.000000E+00,0.000000E+00,0.000000E+00,0.000000E+00,0.000000E+00,0.000000E+00,0.000000E+00,2.099688E+01,4.788959E+01,2.399782E+01,4.953833E+01,3.122572E+03,2.759594E+03,1.611248E-01,2.574075E-01,0.000000E+00,0.000000E+00,0.000000E+00,0.000000E+00,0.000000E+00,0.000000E+00,0.000000E+00,0.000000E+00,2.099671E+01,4.779212E+01,2.399848E+01,4.690360E+01,4.765018E+03,2.909097E+03,2.458797E-01,2.686703E-01,0.000000E+00,0.000000E+00,0.000000E+00,0.000000E+00,0.000000E+00,0.000000E+00,0.000000E+00,0.000000E+00,2.099685E+01,4.771305E+01,2.399797E+01,4.908838E+01,3.119032E+03,1.870334E+03,1.609421E-01,1.745643E-01,0.000000E+00,0.000000E+00,0.000000E+00,0.000000E+00,0.000000E+00,0.000000E+00,0.000000E+00,0.000000E+00,2.099671E+01,4.778786E+01,2.399814E+01,4.846605E+01
06:50:00,2.711111E+03,3.146450E+03,1.398897E-01,3.083362E-01,0.000000E+00,0.000000E+00,0.000000E+00,0.000000E+00,0.000000E+00,0.000000E+00,0.000000E+00,0.000000E+00,2.099632E+01,4.279133E+01,2.399845E+01,4.925251E+01,4.815066E+03,3.178045E+03,2.484691E-01,2.982349E-01,0.000000E+00,0.000000E+00,0.000000E+00,0.000000E+00,0.000000E+00,0.000000E+00,0.000000E+00,0.000000E+00,2.099737E+01,4.821893E+01,2.399821E+01,4.872770E+01,3.001039E+03,3.177413E+03,1.548584E-01,3.017606E-01,0.000000E+00,0.000000E+00,0.000000E+00,0.000000E+00,0.000000E+00,0.000000E+00,0.000000E+00,0.000000E+00,2.099723E+01,4.813008E+01,2.399860E+01,4.659795E+01,4.582709E+03,3.337384E+03,2.364788E-01,3.129276E-01,0.000000E+00,0.000000E+00,0.000000E+00,0.000000E+00,0.000000E+00,0.000000E+00,0.000000E+00,0.000000E+00,2.099733E+01,4.805707E+01,2.399831E+01,4.841208E+01,2.997498E+03,2.147335E+03,1.546757E-01,2.035410E-01,0.000000E+00,0.000000E+00,0.000000E+00,0.000000E+00,0.000000E+00,0.000000E+00,0.000000E+00,0.000000E+00,2.099723E+01,4.812620E+01,2.399841E+01,4.794228E+01
07:00:00,2.384736E+03,3.222161E+03,1.230561E-01,3.157499E-01,0.000000E+00,0.000000E+00,0.000000E+00,0.000000E+00,0.000000E+00,0.000000E+00,0.000000E+00,0.000000E+00,2.099652E+01,4.316845E+01,2.399873E+01,4.915203E+01,4.632703E+03,3.609436E+03,2.390664E-01,3.423113E-01,0.000000E+00,0.000000E+00,0.000000E+00,0.000000E+00,0.000000E+00,0.000000E+00,0.000000E+00,0.000000E+00,2.099770E+01,4.844622E+01,2.399863E+01,4.825573E+01,2.879471E+03,3.576454E+03,1.485906E-01,3.447034E-01,0.000000E+00,0.000000E+00,0.000000E+00,0.000000E+00,0.000000E+00,0.000000E+00,0.000000E+00,0.000000E+00,2.099758E+01,4.835900E+01,2.399886E+01,4.646986E+01,4.400351E+03,3.745147E+03,2.270759E-01,3.552939E-01,0.000000E+00,0.000000E+00,0.000000E+00,0.000000E+00,0.000000E+00,0.000000E+00,0.000000E+00,0.000000E+00,2.099766E+01,4.829879E+01,2.399871E+01,4.804770E+01,2.875931E+03,2.413325E+03,1.484079E-01,2.314745E-01,0.000000E+00,0.000000E+00,0.000000E+00,0.000000E+00,0.000000E+00,0.000000E+00,0.000000E+00,0.000000E+00,2.099758E+01,4.835549E+01,2.399876E+01,4.768187E+01
07:10:00,2.384318E+03,3.199507E+03,1.230395E-01,3.135278E-01,0.000000E+00,0.000000E+00,0.000000E+00,0.000000E+00,0.000000E+00,0.000000E+00,0.000000E+00,0.000000E+00,2.099669E+01,4.349066E+01,2.399884E+01,4.911502E+01,4.632457E+03,3.397722E+03,2.390613E-01,3.295343E-01,0.000000E+00,0.000000E+00,0.000000E+00,0.000000E+00,0.000000E+00,0.000000E+00,0.000000E+00,0.000000E+00,2.099794E+01,4.860309E+01,2.399885E+01,4.802830E+01,2.879316E+03,3.520408E+03,1.485877E-01,3.447980E-01,0.000000E+00,0.000000E+00,0.000000E+00,0.000000E+00,0.000000E+00,0.000000E+00,0.000000E+00,0.000000E+00,2.099782E+01,4.851405E+01,2.399896E+01,4.642880E+01,4.400110E+03,3.495514E+03,2.270706E-01,3.390068E-01,0.000000E+00,0.000000E+00,0.000000E+00,0.000000E+00,0.000000E+00,0.000000E+00,0.000000E+00,0.000000E+00,2.099789E+01,4.846864E+01,2.399889E+01,4.789063E+01,2.875775E+03,2.264527E+03,1.484050E-01,2.218098E-01,0.000000E+00,0.000000E+00,0.000000E+00,0.000000E+00,0.000000E+00,0.000000E+00,0.000000E+00,0.000000E+00,2.099782E+01,4.851086E+01,2.399891E+01,4.758704E+01
07:20:00,2.383982E+03,3.170467E+03,1.230238E-01,3.106791E-01,0.000000E+00,0.000000E+00,0.000000E+00,0.000000E+00,0.000000E+00,0.000000E+00,0.000000E+00,0.000000E+00,2.099684E+01,4.376594E+01,2.399885E+01,4.911802E+01,4.632183E+03,3.299197E+03,2.390531E-01,3.200990E-01,0.000000E+00,0.000000E+00,0.000000E+00,0.000000E+00,0.000000E+00,0.000000E+00,0.000000E+00,0.000000E+00,2.099810E+01,4.871134E+01,2.399891E+01,4.791385E+01,2.879139E+03,3.502719E+03,1.485826E-01,3.432254E-01,0.000000E+00,0.000000E+00,0.000000E+00,0.000000E+00,0.000000E+00,0.000000E+00,0.000000E+00,0.000000E+00,2.099798E+01,4.861907E+01,2.399897E+01,4.642105E+01,4.399842E+03,3.360049E+03,2.270623E-01,3.259996E-01,0.000000E+00,0.000000E+00,0.000000E+00,0.000000E+00,0.000000E+00,0.000000E+00,0.000000E+00,0.000000E+00,2.099806E+01,4.858797E+01,2.399894E+01,4.782650E+01,2.875598E+03,2.183674E+03,1.483999E-01,2.139811E-01,0.000000E+00,0.000000E+00,0.000000E+00,0.000000E+00,0.000000E+00,0.000000E+00,0.000000E+00,0.000000E+00,2.099798E+01,4.861614E+01,2.399894E+01,4.756574E+01
07:30:00,2.383690E+03,3.142743E+03,1.230100E-01,3.079593E-01,0.000000E+00,0.000000E+00,0.000000E+00,0.000000E+00,0.000000E+00,0.000000E+00,0.000000E+00,0.000000E+00,2.099696E+01,4.400113E+01,2.399884E+01,4.914871E+01,4.631907E+03,3.239301E+03,2.390431E-01,3.142819E-01,0.000000E+00,0.000000E+00,0.000000E+00,0.000000E+00,0.000000E+00,0.000000E+00,0.000000E+00,0.000000E+00,2.099821E+01,4.878604E+01,2.399893E+01,4.786797E+01,2.878958E+03,3.507293E+03,1.485760E-01,3.436772E-01,0.000000E+00,0.000000E+00,0.000000E+00,0.000000E+00,0.000000E+00,0.000000E+00,0.000000E+00,0.000000E+00,2.099809E+01,4.869019E+01,2.399896E+01,4.642897E+01,4.399572E+03,3.270731E+03,2.270523E-01,3.173291E-01,0.000000E+00,0.000000E+00,0.000000E+00,0.000000E+00,0.000000E+00,0.000000E+00,0.000000E+00,0.000000E+00,2.099817E+01,4.867181E+01,2.399895E+01,4.781643E+01,2.875418E+03,2.130636E+03,1.483933E-01,2.087824E-01,0.000000E+00,0.000000E+00,0.000000E+00,0.000000E+00,0.000000E+00,0.000000E+00,0.000000E+00,0.000000E+00,2.099809E+01,4.868748E+01,2.399895E+01,4.758457E+01
07:40:00,2.383427E+03,3.118841E+03,1.229975E-01,3.056147E-01,0.000000E+00,0.000000E+00,0.000000E+00,0.000000E+00,0.000000E+00,0.000000E+00,0.000000E+00,0.000000E+00,2.099707E+01,4.420207E+01,2.399883E+01,4.919713E+01,4.631648E+03,3.196652E+03,2.390327E-01,3.101381E-01,0.000000E+00,0.000000E+00,0.000000E+00,0.000000E+00,0.000000E+00,0.000000E+00,0.000000E+00,0.000000E+00,2.099828E+01,4.883758E+01,2.399894E+01,4.786097E+01,2.878787E+03,3.513970E+03,1.485691E-01,3.443289E-01,0.000000E+00,0.000000E+00,0.000000E+00,0.000000E+00,0.000000E+00,0.000000E+00,0.000000E+00,0.000000E+00,2.099816E+01,4.873835E+01,2.399895E+01,4.644467E+01,4.399318E+03,3.205730E+03,2.270420E-01,3.110174E-01,0.000000E+00,0.000000E+00,0.000000E+00,0.000000E+00,0.000000E+00,0.000000E+00,0.000000E+00,0.000000E+00,2.099825E+01,4.873071E+01,2.399895E+01,4.783553E+01,2.875247E+03,2.091116E+03,1.483864E-01,2.049069E-01,0.000000E+00,0.000000E+00,0.000000E+00,0.000000E+00,0.000000E+00,0.000000E+00,0.000000E+00,0.000000E+00,2.099816E+01,4.873580E+01,2.399894E+01,4.762294E+01
07:50:00,2.383188E+03,3.099061E+03,1.229861E-01,3.036746E-01,0.000000E+00,0.000000E+00,0.000000E+00,0.000000E+00,0.000000E+00,0.000000E+00,0.000000E+00,0.000000E+00,2.099716E+01,4.437375E+01,2.399882E+01,4.925670E+01,4.631413E+03,3.166066E+03,2.390226E-01,3.071668E-01,0.000000E+00,0.000000E+00,0.000000E+00,0.000000E+00,0.000000E+00,0.000000E+00,0.000000E+00,0.000000E+00,2.099834E+01,4.887314E+01,2.399894E+01,4.787588E+01,2.878631E+03,3.520442E+03,1.485623E-01,3.449611E-01,0.000000E+00,0.000000E+00,0.000000E+00,0.000000E+00,0.000000E+00,0.000000E+00,0.000000E+00,0.000000E+00,2.099821E+01,4.877096E+01,2.399894E+01,4.646455E+01,4.399086E+03,3.159827E+03,2.270320E-01,3.065606E-01,0.000000E+00,0.000000E+00,0.000000E+00,0.000000E+00,0.000000E+00,0.000000E+00,0.000000E+00,0.000000E+00,2.099831E+01,4.877208E+01,2.399895E+01,4.786991E+01,2.875091E+03,2.061526E+03,1.483796E-01,2.020055E-01,0.000000E+00,0.000000E+00,0.000000E+00,0.000000E+00,0.000000E+00,0.000000E+00,0.000000E+00,0.000000E+00,2.099821E+01,4.876854E+01,2.399893E+01,4.767003E+01
08:00:00,2.382970E+03,3.083448E+03,1.229756E-01,3.021442E-01,0.000000E+00,0.000000E+00,0.000000E+00,0.000000E+00,0.000000E+00,0.000000E+00,0.000000E+00,0.000000E+00,2.099723E+01,4.452043E+01,2.399881E+01,4.932319E+01,4.631203E+03,3.144099E+03,2.390132E-01,3.050342E-01,0.000000E+00,0.000000E+00,0.000000E+00,0.000000E+00,0.000000E+00,0.000000E+00,0.000000E+00,0.000000E+00,2.099837E+01,4.889767E+01,2.399893E+01,4.790422E+01,2.878491E+03,3.524859E+03,1.485560E-01,3.453936E-01,0.000000E+00,0.000000E+00,0.000000E+00,0.000000E+00,0.000000E+00,0.000000E+00,0.000000E+00,0.000000E+00,2.099825E+01,4.879303E+01,2.399893E+01,4.648649E+01,4.398878E+03,3.126854E+03,2.270227E-01,3.033604E-01,0.000000E+00,0.000000E+00,0.000000E+00,0.000000E+00,0.000000E+00,0.000000E+00,0.000000E+00,0.000000E+00,2.099835E+01,4.880114E+01,2.399894E+01,4.791284E+01,2.874951E+03,2.039429E+03,1.483733E-01,1.998397E-01,0.000000E+00,0.000000E+00,0.000000E+00,0.000000E+00,0.000000E+00,0.000000E+00,0.000000E+00,0.000000E+00,2.099825E+01,4.879071E+01,2.399892E+01,4.772126E+01
08:10:00,2.382772E+03,3.071318E+03,1.229660E-01,3.009559E-01,0.000000E+00,0.000000E+00,0.000000E+00,0.000000E+00,0.000000E+00,0.000000E+00,0.000000E+00,0.000000E+00,2.099730E+01,4.464575E+01,2.399879E+01,4.939258E+01,4.631018E+03,3.127861E+03,2.390046E-01,3.034583E-01,0.000000E+00,0.000000E+00,0.000000E+00,0.000000E+00,0.000000E+00,0.000000E+00,0.000000E+00,0.000000E+00,2.099840E+01,4.891459E+01,2.399892E+01,4.793970E+01,2.878368E+03,3.526138E+03,1.485502E-01,3.455192E-01,0.000000E+00,0.000000E+00,0.000000E+00,0.000000E+00,0.000000E+00,0.000000E+00,0.000000E+00,0.000000E+00,2.099827E+01,4.880797E+01,2.399891E+01,4.650941E+01,4.398694E+03,3.102186E+03,2.270141E-01,3.009670E-01,0.000000E+00,0.000000E+00,0.000000E+00,0.000000E+00,0.000000E+00,0.000000E+00,0.000000E+00,0.000000E+00,2.099838E+01,4.882155E+01,2.399893E+01,4.795929E+01,2.874828E+03,2.022784E+03,1.483675E-01,1.982088E-01,0.000000E+00,0.000000E+00,0.000000E+00,0.000000E+00,0.000000E+00,0.000000E+00,0.000000E+00,0.000000E+00,2.099827E+01,4.880572E+01,2.399890E+01,4.777292E+01
08:20:00,2.382593E+03,3.062193E+03,1.229573E-01,3.000620E-01,0.000000E+00,0.000000E+00,0.000000E+00,0.000000E+00,0.000000E+00,0.000000E+00,0.000000E+00,0.000000E+00,2.099736E+01,4.475281E+01,2.399878E+01,4.945411E+01,4.630855E+03,3.115769E+03,2.389969E-01,3.022852E-01,0.000000E+00,0.000000E+00,0.000000E+00,0.000000E+00,0.000000E+00,0.000000E+00,0.000000E+00,0.000000E+00,2.099841E+01,4.892626E+01,2.399891E+01,4.797239E+01,2.878260E+03,3.524206E+03,1.485451E-01,3.453302E-01,0.000000E+00,0.000000E+00,0.000000E+00,0.000000E+00,0.000000E+00,0.000000E+00,0.000000E+00,0.000000E+00,2.099829E+01,4.881807E+01,2.399891E+01,4.652779E+01,4.398531E+03,3.083696E+03,2.270064E-01,2.991732E-01,0.000000E+00,0.000000E+00,0.000000E+00,0.000000E+00,0.000000E+00,0.000000E+00,0.000000E+00,0.000000E+00,2.099840E+01,4.883588E+01,2.399892E+01,4.800023E+01,2.874720E+03,2.010342E+03,1.483623E-01,1.969898E-01,0.000000E+00,0.000000E+00,0.000000E+00,0.000000E+00,0.000000E+00,0.000000E+00,0.000000E+00,0.000000E+00,2.099829E+01,4.881588E+01,2.399889E+01,4.781627E+01
08:30:00,2.382429E+03,3.055408E+03,1.229494E-01,2.993976E-01,0.000000E+00,0.000000E+00,0.000000E+00,0.000000E+00,0.000000E+00,0.000000E+00,0.000000E+00,0.000000E+00,2.099740E+01,4.484429E+01,2.399877E+01,4.949967E+01,4.630713E+03,3.106798E+03,2.389900E-01,3.014150E-01,0.000000E+00,0.000000E+00,0.000000E+00,0.000000E+00,0.000000E+00,0.000000E+00,0.000000E+00,0.000000E+00,2.099843E+01,4.893430E+01,2.399891E+01,4.799584E+01,2.878165E+03,3.518164E+03,1.485404E-01,3.447385E-01,0.000000E+00,0.000000E+00,0.000000E+00,0.000000E+00,0.000000E+00,0.000000E+00,0.000000E+00,0.000000E+00,2.099830E+01,4.882491E+01,2.399890E+01,4.653993E+01,4.398389E+03,3.069910E+03,2.269995E-01,2.978360E-01,0.000000E+00,0.000000E+00,0.000000E+00,0.000000E+00,0.000000E+00,0.000000E+00,0.000000E+00,0.000000E+00,2.099841E+01,4.884594E+01,2.399891E+01,4.802991E+01,2.874625E+03,2.001192E+03,1.483577E-01,1.960934E-01,0.000000E+00,0.000000E+00,0.000000E+00,0.000000E+00,0.000000E+00,0.000000E+00,0.000000E+00,0.000000E+00,2.099830E+01,4.882275E+01,2.399888E+01,4.784607E+01
08:40:00,2.382281E+03,3.050366E+03,1.229421E-01,2.989039E-01,0.000000E+00,0.000000E+00,0.000000E+00,0.000000E+00,0.000000E+00,0.000000E+00,0.000000E+00,0.000000E+00,2.099745E+01,4.492243E+01,2.399876E+01,4.953210E+01,4.630588E+03,3.099622E+03,2.389838E-01,3.007189E-01,0.000000E+00,0.000000E+00,0.000000E+00,0.000000E+00,0.000000E+00,0.000000E+00,0.000000E+00,0.000000E+00,2.099843E+01,4.893984E+01,2.399890E+01,4.801143E+01,2.878082E+03,3.508440E+03,1.485363E-01,3.437859E-01,0.000000E+00,0.000000E+00,0.000000E+00,0.000000E+00,0.000000E+00,0.000000E+00,0.000000E+00,0.000000E+00,2.099830E+01,4.882953E+01,2.399890E+01,4.655034E+01,4.398263E+03,3.058822E+03,2.269934E-01,2.967604E-01,0.000000E+00,0.000000E+00,0.000000E+00,0.000000E+00,0.000000E+00,0.000000E+00,0.000000E+00,0.000000E+00,2.099842E+01,4.885300E+01,2.399890E+01,4.805066E+01,2.874542E+03,1.994025E+03,1.483536E-01,1.953913E-01,0.000000E+00,0.000000E+00,0.000000E+00,0.000000E+00,0.000000E+00,0.000000E+00,0.000000E+00,0.000000E+00,2.099830E+01,4.882740E+01,2.399888E+01,4.786569E+01
08:50:00,2.382146E+03,3.046605E+03,1.229355E-01,2.985357E-01,0.000000E+00,0.000000E+00,0.000000E+00,0.000000E+00,0.000000E+00,0.000000E+00,0.000000E+00,0.000000E+00,2.099748E+01,4.498919E+01,2.399875E+01,4.955508E+01,4.630479E+03,3.094955E+03,2.389784E-01,3.002664E-01,0.000000E+00,0.000000E+00,0.000000E+00,0.000000E+00,0.000000E+00,0.000000E+00,0.000000E+00,0.000000E+00,2.099844E+01,4.894366E+01,2.399890E+01,4.802059E+01,2.878010E+03,3.493688E+03,1.485327E-01,3.423407E-01,0.000000E+00,0.000000E+00,0.000000E+00,0.000000E+00,0.000000E+00,0.000000E+00,0.000000E+00,0.000000E+00,2.099831E+01,4.883265E+01,2.399890E+01,4.656182E+01,4.398152E+03,3.050165E+03,2.269879E-01,2.959208E-01,0.000000E+00,0.000000E+00,0.000000E+00,0.000000E+00,0.000000E+00,0.000000E+00,0.000000E+00,0.000000E+00,2.099843E+01,4.885795E+01,2.399890E+01,4.806520E+01,2.874469E+03,1.988667E+03,1.483500E-01,1.948664E-01,0.000000E+00,0.000000E+00,0.000000E+00,0.000000E+00,0.000000E+00,0.000000E+00,0.000000E+00,0.000000E+00,2.099831E+01,4.883054E+01,2.399887E+01,4.787848E+01
09:00:00,2.382024E+03,3.043789E+03,1.229295E-01,2.982601E-01,0.000000E+00,0.000000E+00,0.000000E+00,0.000000E+00,0.000000E+00,0.000000E+00,0.000000E+00,0.000000E+00,2.099751E+01,4.504623E+01,2.399875E+01,4.957127E+01,4.630382E+03,3.093166E+03,2.389736E-01,3.000930E-01,0.000000E+00,0.000000E+00,0.000000E+00,0.000000E+00,0.000000E+00,0.000000E+00,0.000000E+00,0.000000E+00,2.099844E+01,4.894629E+01,2.399889E+01,4.802423E+01,2.877946E+03,3.469839E+03,1.485295E-01,3.400038E-01,0.000000E+00,0.000000E+00,0.000000E+00,0.000000E+00,0.000000E+00,0.000000E+00,0.000000E+00,0.000000E+00,2.099831E+01,4.883475E+01,2.399891E+01,4.657843E+01,4.398055E+03,3.043630E+03,2.269830E-01,2.952870E-01,0.000000E+00,0.000000E+00,0.000000E+00,0.000000E+00,0.000000E+00,0.000000E+00,0.000000E+00,0.000000E+00,2.099843E+01,4.886142E+01,2.399890E+01,4.807537E+01,2.874405E+03,1.984909E+03,1.483468E-01,1.944984E-01,0.000000E+00,0.000000E+00,0.000000E+00,0.000000E+00,0.000000E+00,0.000000E+00,0.000000E+00,0.000000E+00,2.099831E+01,4.883266E+01,2.399887E+01,4.788659E+01
09:10:00,2.381913E+03,3.041505E+03,1.229240E-01,2.980364E-01,0.000000E+00,0.000000E+00,0.000000E+00,0.000000E+00,0.000000E+00,0.000000E+00,0.000000E+00,0.000000E+00,2.099754E+01,4.509495E+01,2.399875E+01,4.958270E+01,4.630297E+03,3.094796E+03,2.389693E-01,3.002513E-01,0.000000E+00,0.000000E+00,0.000000E+00,0.000000E+00,0.000000E+00,0.000000E+00,0.000000E+00,0.000000E+00,2.099845E+01,4.894809E+01,2.399889E+01,4.802275E+01,2.877889E+03,3.433191E+03,1.485266E-01,3.364127E-01,0.000000E+00,0.000000E+00,0.000000E+00,0.000000E+00,0.000000E+00,0.000000E+00,0.000000E+00,0.000000E+00,2.099831E+01,4.883617E+01,2.399892E+01,4.660530E+01,4.397968E+03,3.039161E+03,2.269787E-01,2.948536E-01,0.000000E+00,0.000000E+00,0.000000E+00,0.000000E+00,0.000000E+00,0.000000E+00,0.000000E+00,0.000000E+00,2.099844E+01,4.886386E+01,2.399890E+01,4.808193E+01,2.874349E+03,1.982747E+03,1.483439E-01,1.942867E-01,0.000000E+00,0.000000E+00,0.000000E+00,0.000000E+00,0.000000E+00,0.000000E+00,0.000000E+00,0.000000E+00,2.099831E+01,4.883408E+01,2.399887E+01,4.789082E+01
09:20:00,2.381811E+03,3.039561E+03,1.229190E-01,2.978461E-01,0.000000E+00,0.000000E+00,0.000000E+00,0.000000E+00,0.000000E+00,0.000000E+00,0.000000E+00,0.000000E+00,2.099756E+01,4.513658E+01,2.399875E+01,4.959091E+01,4.630221E+03,3.100664E+03,2.389654E-01,3.008207E-01,0.000000E+00,0.000000E+00,0.000000E+00,0.000000E+00,0.000000E+00,0.000000E+00,0.000000E+00,0.000000E+00,2.099845E+01,4.894933E+01,2.399889E+01,4.801579E+01,2.877839E+03,3.384986E+03,1.485241E-01,3.316891E-01,0.000000E+00,0.000000E+00,0.000000E+00,0.000000E+00,0.000000E+00,0.000000E+00,0.000000E+00,0.000000E+00,2.099832E+01,4.883712E+01,2.399892E+01,4.664172E+01,4.397891E+03,3.035896E+03,2.269748E-01,2.945369E-01,0.000000E+00,0.000000E+00,0.000000E+00,0.000000E+00,0.000000E+00,0.000000E+00,0.000000E+00,0.000000E+00,2.099844E+01,4.886556E+01,2.399890E+01,4.808582E+01,2.874299E+03,1.981642E+03,1.483414E-01,1.941784E-01,0.000000E+00,0.000000E+00,0.000000E+00,0.000000E+00,0.000000E+00,0.000000E+00,0.000000E+00,0.000000E+00,2.099832E+01,4.883504E+01,2.399887E+01,4.789209E+01
09:30:00,2.381718E+03,3.037828E+03,1.229144E-01,2.976764E-01,0.000000E+00,0.000000E+00,0.000000E+00,0.000000E+00,0.000000E+00,0.000000E+00,0.000000E+00,0.000000E+00,2.099758E+01,4.517213E+01,2.399875E+01,4.959684E+01,4.630153E+03,3.112579E+03,2.389620E-01,3.019768E-01,0.000000E+00,0.000000E+00,0.000000E+00,0.000000E+00,0.000000E+00,0.000000E+00,0.000000E+00,0.000000E+00,2.099845E+01,4.895018E+01,2.399888E+01,4.800205E+01,2.877794E+03,3.325720E+03,1.485218E-01,3.258816E-01,0.000000E+00,0.000000E+00,0.000000E+00,0.000000E+00,0.000000E+00,0.000000E+00,0.000000E+00,0.000000E+00,2.099832E+01,4.883776E+01,2.399892E+01,4.668412E+01,4.397822E+03,3.033424E+03,2.269713E-01,2.942972E-01,0.000000E+00,0.000000E+00,0.000000E+00,0.000000E+00,0.000000E+00,0.000000E+00,0.000000E+00,0.000000E+00,2.099844E+01,4.886675E+01,2.399890E+01,4.808849E+01,2.874254E+03,1.981324E+03,1.483391E-01,1.941473E-01,0.000000E+00,0.000000E+00,0.000000E+00,0.000000E+00,0.000000E+00,0.000000E+00,0.000000E+00,0.000000E+00,2.099832E+01,4.883569E+01,2.399887E+01,4.789188E+01
09:40:00,2.381633E+03,3.036225E+03,1.229102E-01,2.975194E-01,0.000000E+00,0.000000E+00,0.000000E+00,0.000000E+00,0.000000E+00,0.000000E+00,0.000000E+00,0.000000E+00,2.099759E+01,4.520250E+01,2.399874E+01,4.960113E+01,4.630092E+03,3.130694E+03,2.389588E-01,3.037344E-01,0.000000E+00,0.000000E+00,0.000000E+00,0.000000E+00,0.000000E+00,0.000000E+00,0.000000E+00,0.000000E+00,2.099845E+01,4.895076E+01,2.399888E+01,4.798083E+01,2.877754E+03,3.255544E+03,1.485197E-01,3.190050E-01,0.000000E+00,0.000000E+00,0.000000E+00,0.000000E+00,0.000000E+00,0.000000E+00,0.000000E+00,0.000000E+00,2.099832E+01,4.883818E+01,2.399893E+01,4.673151E+01,4.397760E+03,3.031525E+03,2.269681E-01,2.941129E-01,0.000000E+00,0.000000E+00,0.000000E+00,0.000000E+00,0.000000E+00,0.000000E+00,0.000000E+00,0.000000E+00,2.099844E+01,4.886758E+01,2.399890E+01,4.809054E+01,2.874214E+03,1.981637E+03,1.483370E-01,1.941780E-01,0.000000E+00,0.000000E+00,0.000000E+00,0.000000E+00,0.000000E+00,0.000000E+00,0.000000E+00,0.000000E+00,2.099832E+01,4.883612E+01,2.399887E+01,4.789079E+01
09:50:00,2.381555E+03,3.034700E+03,1.229063E-01,2.973700E-01,0.000000E+00,0.000000E+00,0.000000E+00,0.000000E+00,0.000000E+00,0.000000E+00,0.000000E+00,0.000000E+00,2.099761E+01,4.522844E+01,2.399874E+01,4.960421E+01,4.630036E+03,3.154671E+03,2.389560E-01,3.060607E-01,0.000000E+00,0.000000E+00,0.000000E+00,0.000000E+00,0.000000E+00,0.000000E+00,0.000000E+00,0.000000E+00,2.099845E+01,4.895116E+01,2.399888E+01,4.795343E+01,2.877717E+03,3.174837E+03,1.485179E-01,3.110967E-01,0.000000E+00,0.000000E+00,0.000000E+00,0.000000E+00,0.000000E+00,0.000000E+00,0.000000E+00,0.000000E+00,2.099832E+01,4.883846E+01,2.399893E+01,4.678399E+01,4.397704E+03,3.030043E+03,2.269653E-01,2.939692E-01,0.000000E+00,0.000000E+00,0.000000E+00,0.000000E+00,0.000000E+00,0.000000E+00,0.000000E+00,0.000000E+00,2.099844E+01,4.886816E+01,2.399890E+01,4.809208E+01,2.874177E+03,1.982456E+03,1.483352E-01,1.942583E-01,0.000000E+00,0.000000E+00,0.000000E+00,0.000000E+00,0.000000E+00,0.000000E+00,0.000000E+00,0.000000E+00,2.099832E+01,4.883640E+01,2.399887E+01,4.788901E+01
10:00:00,2.381483E+03,3.033220E+03,1.229027E-01,2.972250E-01,0.000000E+00,0.000000E+00,0.000000E+00,0.000000E+00,0.000000E+00,0.000000E+00,0.000000E+00,0.000000E+00,2.099762E+01,4.525060E+01,2.399874E+01,4.960636E+01,4.629986E+03,3.184368E+03,2.389534E-01,3.089420E-01,0.000000E+00,0.000000E+00,0.000000E+00,0.000000E+00,0.000000E+00,0.000000E+00,0.000000E+00,0.000000E+00,2.099845E+01,4.895143E+01,2.399887E+01,4.792151E+01,2.877685E+03,3.087574E+03,1.485162E-01,3.025457E-01,0.000000E+00,0.000000E+00,0.000000E+00,0.000000E+00,0.000000E+00,0.000000E+00,0.000000E+00,0.000000E+00,2.099832E+01,4.883865E+01,2.399893E+01,4.684169E+01,4.397654E+03,3.028899E+03,2.269627E-01,2.938582E-01,0.000000E+00,0.000000E+00,0.000000E+00,0.000000E+00,0.000000E+00,0.000000E+00,0.000000E+00,0.000000E+00,2.099844E+01,4.886856E+01,2.399890E+01,4.809314E+01,2.874144E+03,1.983685E+03,1.483335E-01,1.943787E-01,0.000000E+00,0.000000E+00,0.000000E+00,0.000000E+00,0.000000E+00,0.000000E+00,0.000000E+00,0.000000E+00,2.099832E+01,4.883659E+01,2.399887E+01,4.788666E+01
10:10:00,2.381417E+03,3.031889E+03,1.228993E-01,2.970957E-01,0.000000E+00,0.000000E+00,0.000000E+00,0.000000E+00,0.000000E+00,0.000000E+00,0.000000E+00,0.000000E+00,2.099763E+01,4.526952E+01,2.399852E+01,4.960833E+01,4.629940E+03,3.218726E+03,2.389511E-01,3.122764E-01,0.000000E+00,0.000000E+00,0.000000E+00,0.000000E+00,0.000000E+00,0.000000E+00,0.000000E+00,0.000000E+00,2.099845E+01,4.895161E+01,2.399868E+01,4.788977E+01,2.877654E+03,2.997943E+03,1.485146E-01,2.937636E-01,0.000000E+00,0.000000E+00,0.000000E+00,0.000000E+00,0.000000E+00,0.000000E+00,0.000000E+00,0.000000E+00,2.099832E+01,4.883877E+01,2.399878E+01,4.690056E+01,4.397607E+03,3.027422E+03,2.269603E-01,2.937158E-01,0.000000E+00,0.000000E+00,0.000000E+00,0.000000E+00,0.000000E+00,0.000000E+00,0.000000E+00,0.000000E+00,2.099844E+01,4.886884E+01,2.399871E+01,4.809429E+01,2.874114E+03,1.984792E+03,1.483319E-01,1.944879E-01,0.000000E+00,0.000000E+00,0.000000E+00,0.000000E+00,0.000000E+00,0.000000E+00,0.000000E+00,0.000000E+00,2.099832E+01,4.883671E+01,2.399868E+01,4.788462E+01
10:20:00,2.381355E+03,3.030575E+03,1.228962E-01,2.969686E-01,0.000000E+00,0.000000E+00,0.000000E+00,0.000000E+00,0.000000E+00,0.000000E+00,0.000000E+00,0.000000E+00,2.099764E+01,4.528568E+01,2.399841E+01,4.960976E+01,4.629898E+03,3.256557E+03,2.389489E-01,3.159484E-01,0.000000E+00,0.000000E+00,0.000000E+00,0.000000E+00,0.000000E+00,0.000000E+00,0.000000E+00,0.000000E+00,2.099845E+01,4.895174E+01,2.399858E+01,4.785347E+01,2.877627E+03,2.905485E+03,1.485132E-01,2.847048E-01,0.000000E+00,0.000000E+00,0.000000E+00,0.000000E+00,0.000000E+00,0.000000E+00,0.000000E+00,0.000000E+00,2.099832E+01,4.883885E+01,2.399868E+01,4.696980E+01,4.397564E+03,3.026041E+03,2.269581E-01,2.935833E-01,0.000000E+00,0.000000E+00,0.000000E+00,0.000000E+00,0.000000E+00,0.000000E+00,0.000000E+00,0.000000E+00,2.099844E+01,4.886903E+01,2.399861E+01,4.809505E+01,2.874087E+03,1.985977E+03,1.483305E-01,1.946049E-01,0.000000E+00,0.000000E+00,0.000000E+00,0.000000E+00,0.000000E+00,0.000000E+00,0.000000E+00,0.000000E+00,2.099832E+01,4.883679E+01,2.399858E+01,4.788199E+01
10:30:00,2.381298E+03,3.029302E+03,1.228933E-01,2.968456E-01,0.000000E+00,0.000000E+00,0.000000E+00,0.000000E+00,0.000000E+00,0.000000E+00,0.000000E+00,0.000000E+00,2.099765E+01,4.529948E+01,2.399840E+01,4.961063E+01,4.629859E+03,3.295687E+03,2.389469E-01,3.197463E-01,0.000000E+00,0.000000E+00,0.000000E+00,0.000000E+00,0.000000E+00,0.000000E+00,0.000000E+00,0.000000E+00,2.099845E+01,4.895182E+01,2.399859E+01,4.781704E+01,2.877601E+03,2.810987E+03,1.485119E-01,2.754463E-01,0.000000E+00,0.000000E+00,0.000000E+00,0.000000E+00,0.000000E+00,0.000000E+00,0.000000E+00,0.000000E+00,2.099832E+01,4.883890E+01,2.399867E+01,4.704308E+01,4.397525E+03,3.024929E+03,2.269561E-01,2.934767E-01,0.000000E+00,0.000000E+00,0.000000E+00,0.000000E+00,0.000000E+00,0.000000E+00,0.000000E+00,0.000000E+00,2.099845E+01,4.886916E+01,2.399861E+01,4.809529E+01,2.874061E+03,1.987286E+03,1.483292E-01,1.947341E-01,0.000000E+00,0.000000E+00,0.000000E+00,0.000000E+00,0.000000E+00,0.000000E+00,0.000000E+00,0.000000E+00,2.099832E+01,4.883684E+01,2.399858E+01,4.787903E+01
10:40:00,2.381244E+03,3.028069E+03,1.228906E-01,2.967264E-01,0.000000E+00,0.000000E+00,0.000000E+00,0.000000E+00,0.000000E+00,0.000000E+00,0.000000E+00,0.000000E+00,2.099765E+01,4.531126E+01,2.399840E+01,4.961133E+01,4.629823E+03,3.335129E+03,2.389450E-01,3.235745E-01,0.000000E+00,0.000000E+00,0.000000E+00,0.000000E+00,0.000000E+00,0.000000E+00,0.000000E+00,0.000000E+00,2.099845E+01,4.895187E+01,2.399859E+01,4.778105E+01,2.877578E+03,2.715733E+03,1.485107E-01,2.661135E-01,0.000000E+00,0.000000E+00,0.000000E+00,0.000000E+00,0.000000E+00,0.000000E+00,0.000000E+00,0.000000E+00,2.099832E+01,4.883893E+01,2.399867E+01,4.712071E+01,4.397488E+03,3.024117E+03,2.269542E-01,2.933993E-01,0.000000E+00,0.000000E+00,0.000000E+00,0.000000E+00,0.000000E+00,0.000000E+00,0.000000E+00,0.000000E+00,2.099845E+01,4.886925E+01,2.399861E+01,4.809521E+01,2.874037E+03,1.988694E+03,1.483280E-01,1.948730E-01,0.000000E+00,0.000000E+00,0.000000E+00,0.000000E+00,0.000000E+00,0.000000E+00,0.000000E+00,0.000000E+00,2.099832E+01,4.883687E+01,2.399858E+01,4.787594E+01
10:50:00,2.381194E+03,3.026870E+03,1.228881E-01,2.966107E-01,0.000000E+00,0.000000E+00,0.000000E+00,0.000000E+00,0.000000E+00,0.000000E+00,0.000000E+00,0.000000E+00,2.099766E+01,4.532132E+01,2.399840E+01,4.961186E+01,4.629789E+03,3.374189E+03,2.389433E-01,3.273657E-01,0.000000E+00,0.000000E+00,0.000000E+00,0.000000E+00,0.000000E+00,0.000000E+00,0.000000E+00,0.000000E+00,2.099845E+01,4.895190E+01,2.399859E+01,4.774609E+01,2.877556E+03,2.621233E+03,1.485095E-01,2.568546E-01,0.000000E+00,0.000000E+00,0.000000E+00,0.000000E+00,0.000000E+00,0.000000E+00,0.000000E+00,0.000000E+00,2.099832E+01,4.883894E+01,2.399867E+01,4.720161E+01,4.397454E+03,3.023612E+03,2.269524E-01,2.933517E-01,0.000000E+00,0.000000E+00,0.000000E+00,0.000000E+00,0.000000E+00,0.000000E+00,0.000000E+00,0.000000E+00,2.099845E+01,4.886931E+01,2.399861E+01,4.809475E+01,2.874015E+03,1.990179E+03,1.483268E-01,1.950195E-01,0.000000E+00,0.000000E+00,0.000000E+00,0.000000E+00,0.000000E+00,0.000000E+00,0.000000E+00,0.000000E+00,2.099832E+01,4.883689E+01,2.399858E+01,4.787269E+01
11:00:00,2.381147E+03,3.025721E+03,1.228857E-01,2.964997E-01,0.000000E+00,0.000000E+00,0.000000E+00,0.000000E+00,0.000000E+00,0.000000E+00,0.000000E+00,0.000000E+00,2.099766E+01,4.532990E+01,2.399840E+01,4.961220E+01,4.629757E+03,3.412215E+03,2.389417E-01,3.310564E-01,0.000000E+00,0.000000E+00,0.000000E+00,0.000000E+00,0.000000E+00,0.000000E+00,0.000000E+00,0.000000E+00,2.099845E+01,4.895192E+01,2.399859E+01,4.771263E+01,2.877535E+03,2.532753E+03,1.485085E-01,2.481857E-01,0.000000E+00,0.000000E+00,0.000000E+00,0.000000E+00,0.000000E+00,0.000000E+00,0.000000E+00,0.000000E+00,2.099832E+01,4.883895E+01,2.399866E+01,4.728033E+01,4.397422E+03,3.023411E+03,2.269508E-01,2.933336E-01,0.000000E+00,0.000000E+00,0.000000E+00,0.000000E+00,0.000000E+00,0.000000E+00,0.000000E+00,0.000000E+00,2.099845E+01,4.886935E+01,2.399861E+01,4.809389E+01,2.873995E+03,1.991723E+03,1.483258E-01,1.951717E-01,0.000000E+00,0.000000E+00,0.000000E+00,0.000000E+00,0.000000E+00,0.000000E+00,0.000000E+00,0.000000E+00,2.099832E+01,4.883689E+01,2.399858E+01,4.786926E+01
11:10:00,2.381103E+03,3.024447E+03,1.228835E-01,2.963755E-01,0.000000E+00,0.000000E+00,0.000000E+00,0.000000E+00,0.000000E+00,0.000000E+00,0.000000E+00,0.000000E+00,2.099767E+01,4.533723E+01,2.399840E+01,4.961253E+01,4.629727E+03,3.448381E+03,2.389401E-01,3.345658E-01,0.000000E+00,0.000000E+00,0.000000E+00,0.000000E+00,0.000000E+00,0.000000E+00,0.000000E+00,0.000000E+00,2.099845E+01,4.895193E+01,2.399860E+01,4.768140E+01,2.877516E+03,2.455834E+03,1.485075E-01,2.406489E-01,0.000000E+00,0.000000E+00,0.000000E+00,0.000000E+00,0.000000E+00,0.000000E+00,0.000000E+00,0.000000E+00,2.099832E+01,4.883895E+01,2.399865E+01,4.734686E+01,4.397392E+03,3.023208E+03,2.269492E-01,2.933144E-01,0.000000E+00,0.000000E+00,0.000000E+00,0.000000E+00,0.000000E+00,0.000000E+00,0.000000E+00,0.000000E+00,2.099845E+01,4.886937E+01,2.399861E+01,4.809298E+01,2.873975E+03,1.993103E+03,1.483248E-01,1.953072E-01,0.000000E+00,0.000000E+00,0.000000E+00,0.000000E+00,0.000000E+00,0.000000E+00,0.000000E+00,0.000000E+00,2.099832E+01,4.883690E+01,2.399858E+01,4.786605E+01
11:20:00,2.381061E+03,3.023254E+03,1.228814E-01,2.962585E-01,0.000000E+00,0.000000E+00,0.000000E+00,0.000000E+00,0.000000E+00,0.000000E+00,0.000000E+00,0.000000E+00,2.099767E+01,4.534348E+01,2.399840E+01,4.961304E+01,4.629699E+03,3.482407E+03,2.389387E-01,3.378670E-01,0.000000E+00,0.000000E+00,0.000000E+00,0.000000E+00,0.000000E+00,0.000000E+00,0.000000E+00,0.000000E+00,2.099845E+01,4.895193E+01,2.399860E+01,4.765306E+01,2.877498E+03,2.392112E+03,1.485065E-01,2.344050E-01,0.000000E+00,0.000000E+00,0.000000E+00,0.000000E+00,0.000000E+00,0.000000E+00,0.000000E+00,0.000000E+00,2.099832E+01,4.883895E+01,2.399863E+01,4.739679E+01,4.397364E+03,3.023109E+03,2.269477E-01,2.933049E-01,0.000000E+00,0.000000E+00,0.000000E+00,0.000000E+00,0.000000E+00,0.000000E+00,0.000000E+00,0.000000E+00,2.099845E+01,4.886938E+01,2.399861E+01,4.809238E+01,2.873957E+03,1.994358E+03,1.483238E-01,1.954302E-01,0.000000E+00,0.000000E+00,0.000000E+00,0.000000E+00,0.000000E+00,0.000000E+00,0.000000E+00,0.000000E+00,2.099832E+01,4.883689E+01,2.399858E+01,4.786349E+01
11:30:00,2.381022E+03,3.022349E+03,1.228794E-01,2.961712E-01,0.000000E+00,0.000000E+00,0.000000E+00,0.000000E+00,0.000000E+00,0.000000E+00,0.000000E+00,0.000000E+00,2.099767E+01,4.534882E+01,2.399813E+01,4.961410E+01,4.629672E+03,3.514067E+03,2.389373E-01,3.409398E-01,0.000000E+00,0.000000E+00,0.000000E+00,0.000000E+00,0.000000E+00,0.000000E+00,0.000000E+00,0.000000E+00,2.099845E+01,4.895194E+01,2.399838E+01,4.763146E+01,2.877480E+03,2.342185E+03,1.485056E-01,2.295134E-01,0.000000E+00,0.000000E+00,0.000000E+00,0.000000E+00,0.000000E+00,0.000000E+00,0.000000E+00,0.000000E+00,2.099832E+01,4.883895E+01,2.399843E+01,4.742926E+01,4.397337E+03,3.023235E+03,2.269464E-01,2.933181E-01,0.000000E+00,0.000000E+00,0.000000E+00,0.000000E+00,0.000000E+00,0.000000E+00,0.000000E+00,0.000000E+00,2.099845E+01,4.886939E+01,2.399839E+01,4.809247E+01,2.873940E+03,1.995545E+03,1.483229E-01,1.955473E-01,0.000000E+00,0.000000E+00,0.000000E+00,0.000000E+00,0.000000E+00,0.000000E+00,0.000000E+00,0.000000E+00,2.099832E+01,4.883689E+01,2.399837E+01,4.786217E+01
11:40:00,2.380984E+03,3.021556E+03,1.228775E-01,2.960964E-01,0.000000E+00,0.000000E+00,0.000000E+00,0.000000E+00,0.000000E+00,0.000000E+00,0.000000E+00,0.000000E+00,2.099767E+01,4.535337E+01,2.399783E+01,4.961494E+01,4.629647E+03,3.542914E+03,2.389360E-01,3.437411E-01,0.000000E+00,0.000000E+00,0.000000E+00,0.000000E+00,0.000000E+00,0.000000E+00,0.000000E+00,0.000000E+00,2.099845E+01,4.895193E+01,2.399815E+01,4.760785E+01,2.877464E+03,2.305997E+03,1.485048E-01,2.259691E-01,0.000000E+00,0.000000E+00,0.000000E+00,0.000000E+00,0.000000E+00,0.000000E+00,0.000000E+00,0.000000E+00,2.099832E+01,4.883894E+01,2.399818E+01,4.745888E+01,4.397311E+03,3.023446E+03,2.269450E-01,2.933409E-01,0.000000E+00,0.000000E+00,0.000000E+00,0.000000E+00,0.000000E+00,0.000000E+00,0.000000E+00,0.000000E+00,2.099845E+01,4.886939E+01,2.399814E+01,4.809229E+01,2.873923E+03,1.996570E+03,1.483221E-01,1.956492E-01,0.000000E+00,0.000000E+00,0.000000E+00,0.000000E+00,0.000000E+00,0.000000E+00,0.000000E+00,0.000000E+00,2.099832E+01,4.883688E+01,2.399812E+01,4.786066E+01
11:50:00,2.380949E+03,3.020948E+03,1.228756E-01,2.960397E-01,0.000000E+00,0.000000E+00,0.000000E+00,0.000000E+00,0.000000E+00,0.000000E+00,0.000000E+00,0.000000E+00,2.099768E+01,4.535725E+01,2.399782E+01,4.961466E+01,4.629623E+03,3.568702E+03,2.389347E-01,3.462456E-01,0.000000E+00,0.000000E+00,0.000000E+00,0.000000E+00,0.000000E+00,0.000000E+00,0.000000E+00,0.000000E+00,2.099845E+01,4.895193E+01,2.399814E+01,4.758731E+01,2.877448E+03,2.283101E+03,1.485040E-01,2.237274E-01,0.000000E+00,0.000000E+00,0.000000E+00,0.000000E+00,0.000000E+00,0.000000E+00,0.000000E+00,0.000000E+00,2.099832E+01,4.883893E+01,2.399816E+01,4.747929E+01,4.397287E+03,3.023776E+03,2.269438E-01,2.933752E-01,0.000000E+00,0.000000E+00,0.000000E+00,0.000000E+00,0.000000E+00,0.000000E+00,0.000000E+00,0.000000E+00,2.099845E+01,4.886939E+01,2.399813E+01,4.809119E+01,2.873908E+03,1.997440E+03,1.483213E-01,1.957360E-01,0.000000E+00,0.000000E+00,0.000000E+00,0.000000E+00,0.000000E+00,0.000000E+00,0.000000E+00,0.000000E+00,2.099832E+01,4.883688E+01,2.399811E+01,4.785869E+01
12:00:00,2.380915E+03,3.020544E+03,1.228739E-01,2.960030E-01,0.000000E+00,0.000000E+00,0.000000E+00,0.000000E+00,0.000000E+00,0.000000E+00,0.000000E+00,0.000000E+00,2.099768E+01,4.536056E+01,2.399782E+01,4.961405E+01,4.629600E+03,3.591199E+03,2.389335E-01,3.484309E-01,0.000000E+00,0.000000E+00,0.000000E+00,0.000000E+00,0.000000E+00,0.000000E+00,0.000000E+00,0.000000E+00,2.099845E+01,4.895192E+01,2.399815E+01,4.756950E+01,2.877433E+03,2.269050E+03,1.485032E-01,2.223525E-01,0.000000E+00,0.000000E+00,0.000000E+00,0.000000E+00,0.000000E+00,0.000000E+00,0.000000E+00,0.000000E+00,2.099832E+01,4.883893E+01,2.399815E+01,4.749442E+01,4.397263E+03,3.024236E+03,2.269426E-01,2.934221E-01,0.000000E+00,0.000000E+00,0.000000E+00,0.000000E+00,0.000000E+00,0.000000E+00,0.000000E+00,0.000000E+00,2.099845E+01,4.886939E+01,2.399813E+01,4.808976E+01,2.873893E+03,1.998159E+03,1.483205E-01,1.958080E-01,0.000000E+00,0.000000E+00,0.000000E+00,0.000000E+00,0.000000E+00,0.000000E+00,0.000000E+00,0.000000E+00,2.099832E+01,4.883687E+01,2.399811E+01,4.785670E+01
12:10:00,2.380882E+03,3.020440E+03,1.228722E-01,2.959957E-01,0.000000E+00,0.000000E+00,0.000000E+00,0.000000E+00,0.000000E+00,0.000000E+00,0.000000E+00,0.000000E+00,2.099768E+01,4.536338E+01,2.399782E+01,4.961318E+01,4.629578E+03,3.610465E+03,2.389324E-01,3.503027E-01,0.000000E+00,0.000000E+00,0.000000E+00,0.000000E+00,0.000000E+00,0.000000E+00,0.000000E+00,0.000000E+00,2.099845E+01,4.895192E+01,2.399815E+01,4.755456E+01,2.877419E+03,2.258829E+03,1.485025E-01,2.213527E-01,0.000000E+00,0.000000E+00,0.000000E+00,0.000000E+00,0.000000E+00,0.000000E+00,0.000000E+00,0.000000E+00,2.099832E+01,4.883892E+01,2.399814E+01,4.750567E+01,4.397241E+03,3.025047E+03,2.269414E-01,2.935032E-01,0.000000E+00,0.000000E+00,0.000000E+00,0.000000E+00,0.000000E+00,0.000000E+00,0.000000E+00,0.000000E+00,2.099845E+01,4.886938E+01,2.399813E+01,4.808805E+01,2.873879E+03,1.998892E+03,1.483198E-01,1.958813E-01,0.000000E+00,0.000000E+00,0.000000E+00,0.000000E+00,0.000000E+00,0.000000E+00,0.000000E+00,0.000000E+00,2.099832E+01,4.883686E+01,2.399811E+01,4.785476E+01
12:20:00,2.380851E+03,3.020590E+03,1.228707E-01,2.960133E-01,0.000000E+00,0.000000E+00,0.000000E+00,0.000000E+00,0.000000E+00,0.000000E+00,0.000000E+00,0.000000E+00,2.099768E+01,4.536578E+01,2.399782E+01,4.961218E+01,4.629556E+03,3.626304E+03,2.389313E-01,3.518421E-01,0.000000E+00,0.000000E+00,0.000000E+00,0.000000E+00,0.000000E+00,0.000000E+00,0.000000E+00,0.000000E+00,2.099845E+01,4.895191E+01,2.399815E+01,4.754272E+01,2.877405E+03,2.251139E+03,1.485018E-01,2.206009E-01,0.000000E+00,0.000000E+00,0.000000E+00,0.000000E+00,0.000000E+00,0.000000E+00,0.000000E+00,0.000000E+00,2.099832E+01,4.883891E+01,2.399814E+01,4.751415E+01,4.397220E+03,3.026184E+03,2.269403E-01,2.936158E-01,0.000000E+00,0.000000E+00,0.000000E+00,0.000000E+00,0.000000E+00,0.000000E+00,0.000000E+00,0.000000E+00,2.099845E+01,4.886938E+01,2.399813E+01,4.808626E+01,2.873865E+03,1.999648E+03,1.483191E-01,1.959569E-01,0.000000E+00,0.000000E+00,0.000000E+00,0.000000E+00,0.000000E+00,0.000000E+00,0.000000E+00,0.000000E+00,2.099832E+01,4.883685E+01,2.399811E+01,4.785303E+01
12:30:00,2.380821E+03,3.020773E+03,1.228691E-01,2.960328E-01,0.000000E+00,0.000000E+00,0.000000E+00,0.000000E+00,0.000000E+00,0.000000E+00,0.000000E+00,0.000000E+00,2.099768E+01,4.536782E+01,2.399782E+01,4.961101E+01,4.629536E+03,3.638441E+03,2.389302E-01,3.530210E-01,0.000000E+00,0.000000E+00,0.000000E+00,0.000000E+00,0.000000E+00,0.000000E+00,0.000000E+00,0.000000E+00,2.099845E+01,4.895191E+01,2.399816E+01,4.753387E+01,2.877392E+03,2.245320E+03,1.485011E-01,2.200318E-01,0.000000E+00,0.000000E+00,0.000000E+00,0.000000E+00,0.000000E+00,0.000000E+00,0.000000E+00,0.000000E+00,2.099832E+01,4.883891E+01,2.399814E+01,4.752045E+01,4.397199E+03,3.027493E+03,2.269393E-01,2.937441E-01,0.000000E+00,0.000000E+00,0.000000E+00,0.000000E+00,0.000000E+00,0.000000E+00,0.000000E+00,0.000000E+00,2.099845E+01,4.886937E+01,2.399813E+01,4.808431E+01,2.873852E+03,2.000360E+03,1.483184E-01,1.960276E-01,0.000000E+00,0.000000E+00,0.000000E+00,0.000000E+00,0.000000E+00,0.000000E+00,0.000000E+00,0.000000E+00,2.099832E+01,4.883685E+01,2.399811E+01,4.785139E+01
12:40:00,2.380793E+03,3.021482E+03,1.228677E-01,2.961023E-01,0.000000E+00,0.000000E+00,0.000000E+00,0.000000E+00,0.000000E+00,0.000000E+00,0.000000E+00,0.000000E+00,2.099768E+01,4.536956E+01,2.399781E+01,4.960991E+01,4.629516E+03,3.647052E+03,2.389292E-01,3.538565E-01,0.000000E+00,0.000000E+00,0.000000E+00,0.000000E+00,0.000000E+00,0.000000E+00,0.000000E+00,0.000000E+00,2.099845E+01,4.895190E+01,2.399816E+01,4.752825E+01,2.877379E+03,2.241124E+03,1.485004E-01,2.196208E-01,0.000000E+00,0.000000E+00,0.000000E+00,0.000000E+00,0.000000E+00,0.000000E+00,0.000000E+00,0.000000E+00,2.099832E+01,4.883890E+01,2.399814E+01,4.752457E+01,4.397180E+03,3.029282E+03,2.269383E-01,2.939177E-01,0.000000E+00,0.000000E+00,0.000000E+00,0.000000E+00,0.000000E+00,0.000000E+00,0.000000E+00,0.000000E+00,2.099845E+01,4.886936E+01,2.399813E+01,4.808255E+01,2.873839E+03,2.001231E+03,1.483177E-01,1.961130E-01,0.000000E+00,0.000000E+00,0.000000E+00,0.000000E+00,0.000000E+00,0.000000E+00,0.000000E+00,0.000000E+00,2.099832E+01,4.883684E+01,2.399811E+01,4.785003E+01
12:50:00,2.380765E+03,3.022289E+03,1.228663E-01,2.961867E-01,0.000000E+00,0.000000E+00,0.000000E+00,0.000000E+00,0.000000E+00,0.000000E+00,0.000000E+00,0.000000E+00,2.099768E+01,4.537105E+01,2.399676E+01,4.961066E+01,4.629497E+03,3.651823E+03,2.389282E-01,3.543233E-01,0.000000E+00,0.000000E+00,0.000000E+00,0.000000E+00,0.000000E+00,0.000000E+00,0.000000E+00,0.000000E+00,2.099845E+01,4.895190E+01,2.399746E+01,4.752636E+01,2.877367E+03,2.238076E+03,1.484998E-01,2.193247E-01,0.000000E+00,0.000000E+00,0.000000E+00,0.000000E+00,0.000000E+00,0.000000E+00,0.000000E+00,0.000000E+00,2.099832E+01,4.883889E+01,2.399746E+01,4.752950E+01,4.397161E+03,3.031287E+03,2.269373E-01,2.941160E-01,0.000000E+00,0.000000E+00,0.000000E+00,0.000000E+00,0.000000E+00,0.000000E+00,0.000000E+00,0.000000E+00,2.099845E+01,4.886936E+01,2.399736E+01,4.808190E+01,2.873827E+03,2.002123E+03,1.483171E-01,1.962028E-01,0.000000E+00,0.000000E+00,0.000000E+00,0.000000E+00,0.000000E+00,0.000000E+00,0.000000E+00,0.000000E+00,2.099832E+01,4.883683E+01,2.399739E+01,4.784997E+01
13:00:00,2.380739E+03,3.023186E+03,1.228649E-01,2.962805E-01,0.000000E+00,0.000000E+00,0.000000E+00,0.000000E+00,0.000000E+00,0.000000E+00,0.000000E+00,0.000000E+00,2.099768E+01,4.537230E+01,2.399663E+01,4.960859E+01,4.629479E+03,3.652681E+03,2.389273E-01,3.544113E-01,0.000000E+00,0.000000E+00,0.000000E+00,0.000000E+00,0.000000E+00,0.000000E+00,0.000000E+00,0.000000E+00,2.099845E+01,4.895189E+01,2.399734E+01,4.752571E+01,2.877356E+03,2.235893E+03,1.484992E-01,2.191137E-01,0.000000E+00,0.000000E+00,0.000000E+00,0.000000E+00,0.000000E+00,0.000000E+00,0.000000E+00,0.000000E+00,2.099832E+01,4.883888E+01,2.399734E+01,4.753175E+01,4.397142E+03,3.033468E+03,2.269363E-01,2.943320E-01,0.000000E+00,0.000000E+00,0.000000E+00,0.000000E+00,0.000000E+00,0.000000E+00,0.000000E+00,0.000000E+00,2.099845E+01,4.886935E+01,2.399724E+01,4.807912E+01,2.873815E+03,2.003020E+03,1.483165E-01,1.962934E-01,0.000000E+00,0.000000E+00,0.000000E+00,0.000000E+00,0.000000E+00,0.000000E+00,0.000000E+00,0.000000E+00,2.099832E+01,4.883683E+01,2.399727E+01,4.784812E+01
13:10:00,2.380713E+03,3.024140E+03,1.228636E-01,2.963799E-01,0.000000E+00,0.000000E+00,0.000000E+00,0.000000E+00,0.000000E+00,0.000000E+00,0.000000E+00,0.000000E+00,2.099768E+01,4.537337E+01,2.399661E+01,4.960620E+01,4.629461E+03,3.649528E+03,2.389264E-01,3.541101E-01,0.000000E+00,0.000000E+00,0.000000E+00,0.000000E+00,0.000000E+00,0.000000E+00,0.000000E+00,0.000000E+00,2.099845E+01,4.895188E+01,2.399733E+01,4.752775E+01,2.877344E+03,2.234293E+03,1.484986E-01,2.189598E-01,0.000000E+00,0.000000E+00,0.000000E+00,0.000000E+00,0.000000E+00,0.000000E+00,0.000000E+00,0.000000E+00,2.099832E+01,4.883888E+01,2.399731E+01,4.753297E+01,4.397124E+03,3.035725E+03,2.269354E-01,2.945553E-01,0.000000E+00,0.000000E+00,0.000000E+00,0.000000E+00,0.000000E+00,0.000000E+00,0.000000E+00,0.000000E+00,2.099845E+01,4.886935E+01,2.399722E+01,4.807593E+01,2.873804E+03,2.011339E+03,1.483159E-01,1.971116E-01,0.000000E+00,0.000000E+00,0.000000E+00,0.000000E+00,0.000000E+00,0.000000E+00,0.000000E+00,0.000000E+00,2.099832E+01,4.883682E+01,2.399725E+01,4.784602E+01
13:20:00,2.380689E+03,3.025196E+03,1.228623E-01,2.964894E-01,0.000000E+00,0.000000E+00,0.000000E+00,0.000000E+00,0.000000E+00,0.000000E+00,0.000000E+00,0.000000E+00,2.099769E+01,4.537428E+01,2.399661E+01,4.960409E+01,4.629444E+03,3.642403E+03,2.389255E-01,3.534235E-01,0.000000E+00,0.000000E+00,0.000000E+00,0.000000E+00,0.000000E+00,0.000000E+00,0.000000E+00,0.000000E+00,2.099845E+01,4.895188E+01,2.399733E+01,4.753322E+01,2.877333E+03,2.233087E+03,1.484981E-01,2.188447E-01,0.000000E+00,0.000000E+00,0.000000E+00,0.000000E+00,0.000000E+00,0.000000E+00,0.000000E+00,0.000000E+00,2.099832E+01,4.883887E+01,2.399731E+01,4.753416E+01,4.397107E+03,3.038067E+03,2.269345E-01,2.947870E-01,0.000000E+00,0.000000E+00,0.000000E+00,0.000000E+00,0.000000E+00,0.000000E+00,0.000000E+00,0.000000E+00,2.099845E+01,4.886934E+01,2.399722E+01,4.807314E+01,2.873793E+03,2.030434E+03,1.483153E-01,1.989859E-01,0.000000E+00,0.000000E+00,0.000000E+00,0.000000E+00,0.000000E+00,0.000000E+00,0.000000E+00,0.000000E+00,2.099832E+01,4.883681E+01,2.399720E+01,4.781762E+01
13:30:00,2.380665E+03,3.026417E+03,1.228611E-01,2.966150E-01,0.000000E+00,0.000000E+00,0.000000E+00,0.000000E+00,0.000000E+00,0.000000E+00,0.000000E+00,0.000000E+00,2.099769E+01,4.537505E+01,2.399661E+01,4.960197E+01,4.629428E+03,3.631403E+03,2.389247E-01,3.523610E-01,0.000000E+00,0.000000E+00,0.000000E+00,0.000000E+00,0.000000E+00,0.000000E+00,0.000000E+00,0.000000E+00,2.099845E+01,4.895187E+01,2.399734E+01,4.754180E+01,2.877323E+03,2.232121E+03,1.484975E-01,2.187531E-01,0.000000E+00,0.000000E+00,0.000000E+00,0.000000E+00,0.000000E+00,0.000000E+00,0.000000E+00,0.000000E+00,2.099832E+01,4.883887E+01,2.399731E+01,4.753526E+01,4.397091E+03,3.040516E+03,2.269337E-01,2.950291E-01,0.000000E+00,0.000000E+00,0.000000E+00,0.000000E+00,0.000000E+00,0.000000E+00,0.000000E+00,0.000000E+00,2.099845E+01,4.886933E+01,2.399722E+01,4.807045E+01,2.873782E+03,2.062147E+03,1.483148E-01,2.020971E-01,0.000000E+00,0.000000E+00,0.000000E+00,0.000000E+00,0.000000E+00,0.000000E+00,0.000000E+00,0.000000E+00,2.099832E+01,4.883681E+01,2.399715E+01,4.776218E+01
13:40:00,2.380642E+03,3.027560E+03,1.228599E-01,2.967329E-01,0.000000E+00,0.000000E+00,0.000000E+00,0.000000E+00,0.000000E+00,0.000000E+00,0.000000E+00,0.000000E+00,2.099769E+01,4.537570E+01,2.399661E+01,4.959959E+01,4.629412E+03,3.616523E+03,2.389238E-01,3.509219E-01,0.000000E+00,0.000000E+00,0.000000E+00,0.000000E+00,0.000000E+00,0.000000E+00,0.000000E+00,0.000000E+00,2.099845E+01,4.895187E+01,2.399734E+01,4.755320E+01,2.877312E+03,2.231154E+03,1.484970E-01,2.186614E-01,0.000000E+00,0.000000E+00,0.000000E+00,0.000000E+00,0.000000E+00,0.000000E+00,0.000000E+00,0.000000E+00,2.099832E+01,4.883886E+01,2.399731E+01,4.753627E+01,4.397075E+03,3.042897E+03,2.269328E-01,2.952645E-01,0.000000E+00,0.000000E+00,0.000000E+00,0.000000E+00,0.000000E+00,0.000000E+00,0.000000E+00,0.000000E+00,2.099845E+01,4.886933E+01,2.399722E+01,4.806764E+01,2.873772E+03,2.107777E+03,1.483143E-01,2.065723E-01,0.000000E+00,0.000000E+00,0.000000E+00,0.000000E+00,0.000000E+00,0.000000E+00,0.000000E+00,0.000000E+00,2.099832E+01,4.883680E+01,2.399712E+01,4.768595E+01
13:50:00,2.380620E+03,3.029038E+03,1.228588E-01,2.968785E-01,0.000000E+00,0.000000E+00,0.000000E+00,0.000000E+00,0.000000E+00,0.000000E+00,0.000000E+00,0.000000E+00,2.099769E+01,4.537625E+01,2.399661E+01,4.959678E+01,4.629396E+03,3.598159E+03,2.389230E-01,3.491407E-01,0.000000E+00,0.000000E+00,0.000000E+00,0.000000E+00,0.000000E+00,0.000000E+00,0.000000E+00,0.000000E+00,2.099845E+01,4.895186E+01,2.399734E+01,4.756719E+01,2.877302E+03,2.230196E+03,1.484965E-01,2.185680E-01,0.000000E+00,0.000000E+00,0.000000E+00,0.000000E+00,0.000000E+00,0.000000E+00,0.000000E+00,0.000000E+00,2.099832E+01,4.883885E+01,2.399731E+01,4.753721E+01,4.397059E+03,3.045439E+03,2.269320E-01,2.955118E-01,0.000000E+00,0.000000E+00,0.000000E+00,0.000000E+00,0.000000E+00,0.000000E+00,0.000000E+00,0.000000E+00,2.099845E+01,4.886932E+01,2.399722E+01,4.806458E+01,2.873762E+03,2.168579E+03,1.483137E-01,2.125322E-01,0.000000E+00,0.000000E+00,0.000000E+00,0.000000E+00,0.000000E+00,0.000000E+00,0.000000E+00,0.000000E+00,2.099832E+01,4.883680E+01,2.399710E+01,4.759534E+01
14:00:00,2.380598E+03,3.030881E+03,1.228577E-01,2.970593E-01,0.000000E+00,0.000000E+00,0.000000E+00,0.000000E+00,0.000000E+00,0.000000E+00,0.000000E+00,0.000000E+00,2.099769E+01,4.537672E+01,2.399661E+01,4.959344E+01,4.629381E+03,3.576560E+03,2.389223E-01,3.470449E-01,0.000000E+00,0.000000E+00,0.000000E+00,0.000000E+00,0.000000E+00,0.000000E+00,0.000000E+00,0.000000E+00,2.099845E+01,4.895186E+01,2.399735E+01,4.758361E+01,2.877293E+03,2.229159E+03,1.484960E-01,2.184665E-01,0.000000E+00,0.000000E+00,0.000000E+00,0.000000E+00,0.000000E+00,0.000000E+00,0.000000E+00,0.000000E+00,2.099832E+01,4.883885E+01,2.399731E+01,4.753814E+01,4.397044E+03,3.048164E+03,2.269313E-01,2.957764E-01,0.000000E+00,0.000000E+00,0.000000E+00,0.000000E+00,0.000000E+00,0.000000E+00,0.000000E+00,0.000000E+00,2.099845E+01,4.886932E+01,2.399722E+01,4.806120E+01,2.873752E+03,2.245412E+03,1.483132E-01,2.200630E-01,0.000000E+00,0.000000E+00,0.000000E+00,0.000000E+00,0.000000E+00,0.000000E+00,0.000000E+00,0.000000E+00,2.099832E+01,4.883679E+01,2.399710E+01,4.749595E+01
14:10:00,2.380577E+03,3.033031E+03,1.228566E-01,2.972700E-01,0.000000E+00,0.000000E+00,0.000000E+00,0.000000E+00,0.000000E+00,0.000000E+00,0.000000E+00,0.000000E+00,2.099769E+01,4.537711E+01,2.399661E+01,4.958951E+01,4.629367E+03,3.551826E+03,2.389215E-01,3.446447E-01,0.000000E+00,0.000000E+00,0.000000E+00,0.000000E+00,0.000000E+00,0.000000E+00,0.000000E+00,0.000000E+00,2.099845E+01,4.895185E+01,2.399735E+01,4.760229E+01,2.877283E+03,2.227874E+03,1.484955E-01,2.183406E-01,0.000000E+00,0.000000E+00,0.000000E+00,0.000000E+00,0.000000E+00,0.000000E+00,0.000000E+00,0.000000E+00,2.099832E+01,4.883884E+01,2.399731E+01,4.753910E+01,4.397029E+03,3.050948E+03,2.269305E-01,2.960465E-01,0.000000E+00,0.000000E+00,0.000000E+00,0.000000E+00,0.000000E+00,0.000000E+00,0.000000E+00,0.000000E+00,2.099845E+01,4.886931E+01,2.399722E+01,4.805747E+01,2.873743E+03,2.331280E+03,1.483128E-01,2.284790E-01,0.000000E+00,0.000000E+00,0.000000E+00,0.000000E+00,0.000000E+00,0.000000E+00,0.000000E+00,0.000000E+00,2.099832E+01,4.883678E+01,2.399710E+01,4.739254E+01
14:20:00,2.380557E+03,3.035459E+03,1.228555E-01,2.975080E-01,0.000000E+00,0.000000E+00,0.000000E+00,0.000000E+00,0.000000E+00,0.000000E+00,0.000000E+00,0.000000E+00,2.099769E+01,4.537744E+01,2.399661E+01,4.958567E+01,4.629353E+03,3.524275E+03,2.389208E-01,3.419713E-01,0.000000E+00,0.000000E+00,0.000000E+00,0.000000E+00,0.000000E+00,0.000000E+00,0.000000E+00,0.000000E+00,2.099845E+01,4.895185E+01,2.399735E+01,4.762409E+01,2.877274E+03,2.226253E+03,1.484950E-01,2.181818E-01,0.000000E+00,0.000000E+00,0.000000E+00,0.000000E+00,0.000000E+00,0.000000E+00,0.000000E+00,0.000000E+00,2.099832E+01,4.883884E+01,2.399731E+01,4.754108E+01,4.397015E+03,3.053744E+03,2.269298E-01,2.963178E-01,0.000000E+00,0.000000E+00,0.000000E+00,0.000000E+00,0.000000E+00,0.000000E+00,0.000000E+00,0.000000E+00,2.099845E+01,4.886930E+01,2.399722E+01,4.805435E+01,2.873734E+03,2.423223E+03,1.483123E-01,2.374902E-01,0.000000E+00,0.000000E+00,0.000000E+00,0.000000E+00,0.000000E+00,0.000000E+00,0.000000E+00,0.000000E+00,2.099832E+01,4.883678E+01,2.399712E+01,4.728982E+01
14:30:00,2.380537E+03,3.038118E+03,1.228545E-01,2.977686E-01,0.000000E+00,0.000000E+00,0.000000E+00,0.000000E+00,0.000000E+00,0.000000E+00,0.000000E+00,0.000000E+00,2.099769E+01,4.537772E+01,2.399661E+01,4.958175E+01,4.629339E+03,3.494266E+03,2.389201E-01,3.390593E-01,0.000000E+00,0.000000E+00,0.000000E+00,0.000000E+00,0.000000E+00,0.000000E+00,0.000000E+00,0.000000E+00,2.099845E+01,4.895184E+01,2.399735E+01,4.764840E+01,2.877265E+03,2.224241E+03,1.484946E-01,2.179845E-01,0.000000E+00,0.000000E+00,0.000000E+00,0.000000E+00,0.000000E+00,0.000000E+00,0.000000E+00,0.000000E+00,2.099832E+01,4.883883E+01,2.399731E+01,4.754384E+01,4.397001E+03,3.056535E+03,2.269291E-01,2.965886E-01,0.000000E+00,0.000000E+00,0.000000E+00,0.000000E+00,0.000000E+00,0.000000E+00,0.000000E+00,0.000000E+00,2.099845E+01,4.886930E+01,2.399722E+01,4.805156E+01,2.873725E+03,2.519597E+03,1.483118E-01,2.469354E-01,0.000000E+00,0.000000E+00,0.000000E+00,0.000000E+00,0.000000E+00,0.000000E+00,0.000000E+00,0.000000E+00,2.099832E+01,4.883677E+01,2.399714E+01,4.719005E+01
14:40:00,2.380518E+03,3.040957E+03,1.228535E-01,2.980469E-01,0.000000E+00,0.000000E+00,0.000000E+00,0.000000E+00,0.000000E+00,0.000000E+00,0.000000E+00,0.000000E+00,2.099769E+01,4.537795E+01,2.399661E+01,4.957764E+01,4.629325E+03,3.462229E+03,2.389194E-01,3.359506E-01,0.000000E+00,0.000000E+00,0.000000E+00,0.000000E+00,0.000000E+00,0.000000E+00,0.000000E+00,0.000000E+00,2.099845E+01,4.895184E+01,2.399735E+01,4.767468E+01,2.877257E+03,2.221769E+03,1.484941E-01,2.177423E-01,0.000000E+00,0.000000E+00,0.000000E+00,0.000000E+00,0.000000E+00,0.000000E+00,0.000000E+00,0.000000E+00,2.099832E+01,4.883883E+01,2.399731E+01,4.754718E+01,4.396988E+03,3.059314E+03,2.269284E-01,2.968582E-01,0.000000E+00,0.000000E+00,0.000000E+00,0.000000E+00,0.000000E+00,0.000000E+00,0.000000E+00,0.000000E+00,2.099845E+01,4.886929E+01,2.399722E+01,4.804882E+01,2.873716E+03,2.619011E+03,1.483114E-01,2.566784E-01,0.000000E+00,0.000000E+00,0.000000E+00,0.000000E+00,0.000000E+00,0.000000E+00,0.000000E+00,0.000000E+00,2.099832E+01,4.883677E+01,2.399717E+01,4.709484E+01
14:50:00,2.380499E+03,3.043584E+03,1.228526E-01,2.983016E-01,0.000000E+00,0.000000E+00,0.000000E+00,0.000000E+00,0.000000E+00,0.000000E+00,0.000000E+00,0.000000E+00,2.099769E+01,4.537814E+01,2.399717E+01,4.957073E+01,4.629312E+03,3.431131E+03,2.389187E-01,3.329310E-01,0.000000E+00,0.000000E+00,0.000000E+00,0.000000E+00,0.000000E+00,0.000000E+00,0.000000E+00,0.000000E+00,2.099845E+01,4.895183E+01,2.399773E+01,4.770806E+01,2.877249E+03,2.218696E+03,1.484937E-01,2.174398E-01,0.000000E+00,0.000000E+00,0.000000E+00,0.000000E+00,0.000000E+00,0.000000E+00,0.000000E+00,0.000000E+00,2.099832E+01,4.883882E+01,2.399768E+01,4.755135E+01,4.396975E+03,3.061823E+03,2.269277E-01,2.970997E-01,0.000000E+00,0.000000E+00,0.000000E+00,0.000000E+00,0.000000E+00,0.000000E+00,0.000000E+00,0.000000E+00,2.099845E+01,4.886929E+01,2.399764E+01,4.804413E+01,2.873708E+03,2.720062E+03,1.483110E-01,2.665797E-01,0.000000E+00,0.000000E+00,0.000000E+00,0.000000E+00,0.000000E+00,0.000000E+00,0.000000E+00,0.000000E+00,2.099832E+01,4.883676E+01,2.399756E+01,4.697970E+01
15:00:00,2.380481E+03,3.046435E+03,1.228516E-01,2.985751E-01,0.000000E+00,0.000000E+00,0.000000E+00,0.000000E+00,0.000000E+00,0.000000E+00,0.000000E+00,0.000000E+00,2.099769E+01,4.537830E+01,2.399779E+01,4.956544E+01,4.629300E+03,3.401603E+03,2.389181E-01,3.300615E-01,0.000000E+00,0.000000E+00,0.000000E+00,0.000000E+00,0.000000E+00,0.000000E+00,0.000000E+00,0.000000E+00,2.099845E+01,4.895183E+01,2.399815E+01,4.772715E+01,2.877240E+03,2.214682E+03,1.484933E-01,2.170435E-01,0.000000E+00,0.000000E+00,0.000000E+00,0.000000E+00,0.000000E+00,0.000000E+00,0.000000E+00,0.000000E+00,2.099832E+01,4.883882E+01,2.399811E+01,4.755478E+01,4.396962E+03,3.063673E+03,2.269270E-01,2.972748E-01,0.000000E+00,0.000000E+00,0.000000E+00,0.000000E+00,0.000000E+00,0.000000E+00,0.000000E+00,0.000000E+00,2.099845E+01,4.886928E+01,2.399810E+01,4.804088E+01,2.873700E+03,2.823977E+03,1.483105E-01,2.767592E-01,0.000000E+00,0.000000E+00,0.000000E+00,0.000000E+00,0.000000E+00,0.000000E+00,0.000000E+00,0.000000E+00,2.099832E+01,4.883676E+01,2.399805E+01,4.690419E+01
15:10:00,2.380464E+03,3.049375E+03,1.228507E-01,2.988572E-01,0.000000E+00,0.000000E+00,0.000000E+00,0.000000E+00,0.000000E+00,0.000000E+00,0.000000E+00,0.000000E+00,2.099769E+01,4.537843E+01,2.399781E+01,4.956111E+01,4.629288E+03,3.374686E+03,2.389174E-01,3.274453E-01,0.000000E+00,0.000000E+00,0.000000E+00,0.000000E+00,0.000000E+00,0.000000E+00,0.000000E+00,0.000000E+00,2.099845E+01,4.895182E+01,2.399817E+01,4.774772E+01,2.877233E+03,2.209929E+03,1.484929E-01,2.165748E-01,0.000000E+00,0.000000E+00,0.000000E+00,0.000000E+00,0.000000E+00,0.000000E+00,0.000000E+00,0.000000E+00,2.099832E+01,4.883881E+01,2.399813E+01,4.756125E+01,4.396950E+03,3.065162E+03,2.269264E-01,2.974148E-01,0.000000E+00,0.000000E+00,0.000000E+00,0.000000E+00,0.000000E+00,0.000000E+00,0.000000E+00,0.000000E+00,2.099845E+01,4.886928E+01,2.399813E+01,4.803952E+01,2.873692E+03,2.926269E+03,1.483101E-01,2.867792E-01,0.000000E+00,0.000000E+00,0.000000E+00,0.000000E+00,0.000000E+00,0.000000E+00,0.000000E+00,0.000000E+00,2.099832E+01,4.883675E+01,2.399812E+01,4.682606E+01
15:20:00,2.380446E+03,3.052357E+03,1.228498E-01,2.991435E-01,0.000000E+00,0.000000E+00,0.000000E+00,0.000000E+00,0.000000E+00,0.000000E+00,0.000000E+00,0.000000E+00,2.099769E+01,4.537854E+01,2.399782E+01,4.955695E+01,4.629276E+03,3.351060E+03,2.389168E-01,3.251485E-01,0.000000E+00,0.000000E+00,0.000000E+00,0.000000E+00,0.000000E+00,0.000000E+00,0.000000E+00,0.000000E+00,2.099845E+01,4.895182E+01,2.399817E+01,4.776616E+01,2.877225E+03,2.204528E+03,1.484925E-01,2.160425E-01,0.000000E+00,0.000000E+00,0.000000E+00,0.000000E+00,0.000000E+00,0.000000E+00,0.000000E+00,0.000000E+00,2.099832E+01,4.883881E+01,2.399814E+01,4.756893E+01,4.396938E+03,3.066356E+03,2.269258E-01,2.975262E-01,0.000000E+00,0.000000E+00,0.000000E+00,0.000000E+00,0.000000E+00,0.000000E+00,0.000000E+00,0.000000E+00,2.099845E+01,4.886927E+01,2.399813E+01,4.803888E+01,2.873685E+03,3.023074E+03,1.483097E-01,2.962611E-01,0.000000E+00,0.000000E+00,0.000000E+00,0.000000E+00,0.000000E+00,0.000000E+00,0.000000E+00,0.000000E+00,2.099832E+01,4.883675E+01,2.399814E+01,4.676028E+01
15:30:00,2.380430E+03,3.055338E+03,1.228490E-01,2.994296E-01,0.000000E+00,0.000000E+00,0.000000E+00,0.000000E+00,0.000000E+00,0.000000E+00,0.000000E+00,0.000000E+00,2.099769E+01,4.537863E+01,2.399782E+01,4.955289E+01,4.629264E+03,3.331719E+03,2.389162E-01,3.232675E-01,0.000000E+00,0.000000E+00,0.000000E+00,0.000000E+00,0.000000E+00,0.000000E+00,0.000000E+00,0.000000E+00,2.099845E+01,4.895182E+01,2.399816E+01,4.778225E+01,2.877218E+03,2.198489E+03,1.484921E-01,2.154476E-01,0.000000E+00,0.000000E+00,0.000000E+00,0.000000E+00,0.000000E+00,0.000000E+00,0.000000E+00,0.000000E+00,2.099832E+01,4.883880E+01,2.399814E+01,4.757728E+01,4.396926E+03,3.067150E+03,2.269252E-01,2.975988E-01,0.000000E+00,0.000000E+00,0.000000E+00,0.000000E+00,0.000000E+00,0.000000E+00,0.000000E+00,0.000000E+00,2.099845E+01,4.886927E+01,2.399813E+01,4.803854E+01,2.873677E+03,3.112586E+03,1.483094E-01,3.050284E-01,0.000000E+00,0.000000E+00,0.000000E+00,0.000000E+00,0.000000E+00,0.000000E+00,0.000000E+00,0.000000E+00,2.099832E+01,4.883674E+01,2.399816E+01,4.670795E+01
15:40:00,2.380414E+03,3.058276E+03,1.228481E-01,2.997115E-01,0.000000E+00,0.000000E+00,0.000000E+00,0.000000E+00,0.000000E+00,0.000000E+00,0.000000E+00,0.000000E+00,2.099769E+01,4.537870E+01,2.399782E+01,4.954891E+01,4.629253E+03,3.317126E+03,2.389156E-01,3.218472E-01,0.000000E+00,0.000000E+00,0.000000E+00,0.000000E+00,0.000000E+00,0.000000E+00,0.000000E+00,0.000000E+00,2.099845E+01,4.895181E+01,2.399816E+01,4.779549E+01,2.877210E+03,2.191841E+03,1.484917E-01,2.147932E-01,0.000000E+00,0.000000E+00,0.000000E+00,0.000000E+00,0.000000E+00,0.000000E+00,0.000000E+00,0.000000E+00,2.099832E+01,4.883880E+01,2.399814E+01,4.758611E+01,4.396915E+03,3.067419E+03,2.269246E-01,2.976204E-01,0.000000E+00,0.000000E+00,0.000000E+00,0.000000E+00,0.000000E+00,0.000000E+00,0.000000E+00,0.000000E+00,2.099845E+01,4.886927E+01,2.399813E+01,4.803844E+01,2.873670E+03,3.193519E+03,1.483090E-01,3.129548E-01,0.000000E+00,0.000000E+00,0.000000E+00,0.000000E+00,0.000000E+00,0.000000E+00,0.000000E+00,0.000000E+00,2.099832E+01,4.883674E+01,2.399817E+01,4.666602E+01
15:50:00,2.380398E+03,3.061297E+03,1.228473E-01,3.000024E-01,0.000000E+00,0.000000E+00,0.000000E+00,0.000000E+00,0.000000E+00,0.000000E+00,0.000000E+00,0.000000E+00,2.099769E+01,4.537875E+01,2.399820E+01,4.954361E+01,4.629242E+03,3.304834E+03,2.389151E-01,3.206507E-01,0.000000E+00,0.000000E+00,0.000000E+00,0.000000E+00,0.000000E+00,0.000000E+00,0.000000E+00,0.000000E+00,2.099845E+01,4.895181E+01,2.399846E+01,4.780662E+01,2.877203E+03,2.184621E+03,1.484914E-01,2.140830E-01,0.000000E+00,0.000000E+00,0.000000E+00,0.000000E+00,0.000000E+00,0.000000E+00,0.000000E+00,0.000000E+00,2.099832E+01,4.883879E+01,2.399844E+01,4.759580E+01,4.396904E+03,3.067159E+03,2.269240E-01,2.975912E-01,0.000000E+00,0.000000E+00,0.000000E+00,0.000000E+00,0.000000E+00,0.000000E+00,0.000000E+00,0.000000E+00,2.099845E+01,4.886926E+01,2.399844E+01,4.803795E+01,2.873663E+03,3.264846E+03,1.483086E-01,3.199400E-01,0.000000E+00,0.000000E+00,0.000000E+00,0.000000E+00,0.000000E+00,0.000000E+00,0.000000E+00,0.000000E+00,2.099832E+01,4.883674E+01,2.399844E+01,4.662735E+01
16:00:00,2.380382E+03,3.064120E+03,1.228465E-01,3.002760E-01,0.000000E+00,0.000000E+00,0.000000E+00,0.000000E+00,0.000000E+00,0.000000E+00,0.000000E+00,0.000000E+00,2.099769E+01,4.537880E+01,2.399840E+01,4.953958E+01,4.629231E+03,3.294912E+03,2.389145E-01,3.196855E-01,0.000000E+00,0.000000E+00,0.000000E+00,0.000000E+00,0.000000E+00,0.000000E+00,0.000000E+00,0.000000E+00,2.099845E+01,4.895180E+01,2.399862E+01,4.781455E+01,2.877196E+03,2.177234E+03,1.484910E-01,2.133573E-01,0.000000E+00,0.000000E+00,0.000000E+00,0.000000E+00,0.000000E+00,0.000000E+00,0.000000E+00,0.000000E+00,2.099832E+01,4.883879E+01,2.399860E+01,4.760495E+01,4.396893E+03,3.066768E+03,2.269235E-01,2.975509E-01,0.000000E+00,0.000000E+00,0.000000E+00,0.000000E+00,0.000000E+00,0.000000E+00,0.000000E+00,0.000000E+00,2.099845E+01,4.886926E+01,2.399861E+01,4.803828E+01,2.873656E+03,3.323350E+03,1.483083E-01,3.256702E-01,0.000000E+00,0.000000E+00,0.000000E+00,0.000000E+00,0.000000E+00,0.000000E+00,0.000000E+00,0.000000E+00,2.099832E+01,4.883673E+01,2.399860E+01,4.660044E+01
16:10:00,2.380367E+03,3.066874E+03,1.228458E-01,3.005430E-01,0.000000E+00,0.000000E+00,0.000000E+00,0.000000E+00,0.000000E+00,0.000000E+00,0.000000E+00,0.000000E+00,2.099769E+01,4.537883E+01,2.399840E+01,4.953609E+01,4.629221E+03,3.287033E+03,2.389140E-01,3.189187E-01,0.000000E+00,0.000000E+00,0.000000E+00,0.000000E+00,0.000000E+00,0.000000E+00,0.000000E+00,0.000000E+00,2.099845E+01,4.895180E+01,2.399862E+01,4.782178E+01,2.877190E+03,2.169586E+03,1.484907E-01,2.126062E-01,0.000000E+00,0.000000E+00,0.000000E+00,0.000000E+00,0.000000E+00,0.000000E+00,0.000000E+00,0.000000E+00,2.099832E+01,4.883879E+01,2.399860E+01,4.761528E+01,4.396883E+03,3.065977E+03,2.269229E-01,2.974718E-01,0.000000E+00,0.000000E+00,0.000000E+00,0.000000E+00,0.000000E+00,0.000000E+00,0.000000E+00,0.000000E+00,2.099845E+01,4.886925E+01,2.399861E+01,4.803960E+01,2.873649E+03,3.371914E+03,1.483079E-01,3.304264E-01,0.000000E+00,0.000000E+00,0.000000E+00,0.000000E+00,0.000000E+00,0.000000E+00,0.000000E+00,0.000000E+00,2.099832E+01,4.883673E+01,2.399862E+01,4.657828E+01
16:20:00,2.380353E+03,3.069521E+03,1.228450E-01,3.007994E-01,0.000000E+00,0.000000E+00,0.000000E+00,0.000000E+00,0.000000E+00,0.000000E+00,0.000000E+00,0.000000E+00,2.099769E+01,4.537886E+01,2.399840E+01,4.953281E+01,4.629210E+03,3.279614E+03,2.389134E-01,3.181965E-01,0.000000E+00,0.000000E+00,0.000000E+00,0.000000E+00,0.000000E+00,0.000000E+00,0.000000E+00,0.000000E+00,2.099845E+01,4.895180E+01,2.399862E+01,4.782908E+01,2.877183E+03,2.160923E+03,1.484903E-01,2.117556E-01,0.000000E+00,0.000000E+00,0.000000E+00,0.000000E+00,0.000000E+00,0.000000E+00,0.000000E+00,0.000000E+00,2.099832E+01,4.883878E+01,2.399860E+01,4.762710E+01,4.396873E+03,3.063593E+03,2.269224E-01,2.972381E-01,0.000000E+00,0.000000E+00,0.000000E+00,0.000000E+00,0.000000E+00,0.000000E+00,0.000000E+00,0.000000E+00,2.099845E+01,4.886925E+01,2.399861E+01,4.804253E+01,2.873643E+03,3.414145E+03,1.483076E-01,3.345620E-01,0.000000E+00,0.000000E+00,0.000000E+00,0.000000E+00,0.000000E+00,0.000000E+00,0.000000E+00,0.000000E+00,2.099832E+01,4.883672E+01,2.399862E+01,4.655983E+01
16:30:00,2.380338E+03,3.072020E+03,1.228443E-01,3.010413E-01,0.000000E+00,0.000000E+00,0.000000E+00,0.000000E+00,0.000000E+00,0.000000E+00,0.000000E+00,0.000000E+00,2.099769E+01,4.537887E+01,2.399840E+01,4.952977E+01,4.629201E+03,3.272620E+03,2.389129E-01,3.175155E-01,0.000000E+00,0.000000E+00,0.000000E+00,0.000000E+00,0.000000E+00,0.000000E+00,0.000000E+00,0.000000E+00,2.099845E+01,4.895179E+01,2.399862E+01,4.783711E+01,2.877177E+03,2.151634E+03,1.484900E-01,2.108437E-01,0.000000E+00,0.000000E+00,0.000000E+00,0.000000E+00,0.000000E+00,0.000000E+00,0.000000E+00,0.000000E+00,2.099832E+01,4.883878E+01,2.399860E+01,4.764072E+01,4.396863E+03,3.060233E+03,2.269219E-01,2.969097E-01,0.000000E+00,0.000000E+00,0.000000E+00,0.000000E+00,0.000000E+00,0.000000E+00,0.000000E+00,0.000000E+00,2.099845E+01,4.886925E+01,2.399862E+01,4.804739E+01,2.873636E+03,3.449715E+03,1.483073E-01,3.380450E-01,0.000000E+00,0.000000E+00,0.000000E+00,0.000000E+00,0.000000E+00,0.000000E+00,0.000000E+00,0.000000E+00,2.099832E+01,4.883672E+01,2.399863E+01,4.654451E+01
16:40:00,2.380325E+03,3.074350E+03,1.228436E-01,3.012667E-01,0.000000E+00,0.000000E+00,0.000000E+00,0.000000E+00,0.000000E+00,0.000000E+00,0.000000E+00,0.000000E+00,2.099769E+01,4.537888E+01,2.399840E+01,4.952698E+01,4.629191E+03,3.265748E+03,2.389124E-01,3.168463E-01,0.000000E+00,0.000000E+00,0.000000E+00,0.000000E+00,0.000000E+00,0.000000E+00,0.000000E+00,0.000000E+00,2.099845E+01,4.895179E+01,2.399862E+01,4.784481E+01,2.877171E+03,2.141806E+03,1.484897E-01,2.098791E-01,0.000000E+00,0.000000E+00,0.000000E+00,0.000000E+00,0.000000E+00,0.000000E+00,0.000000E+00,0.000000E+00,2.099832E+01,4.883878E+01,2.399860E+01,4.765497E+01,4.396853E+03,3.056096E+03,2.269214E-01,2.965060E-01,0.000000E+00,0.000000E+00,0.000000E+00,0.000000E+00,0.000000E+00,0.000000E+00,0.000000E+00,0.000000E+00,2.099845E+01,4.886924E+01,2.399861E+01,4.805291E+01,2.873630E+03,3.478386E+03,1.483070E-01,3.408521E-01,0.000000E+00,0.000000E+00,0.000000E+00,0.000000E+00,0.000000E+00,0.000000E+00,0.000000E+00,0.000000E+00,2.099832E+01,4.883672E+01,2.399863E+01,4.653338E+01
16:50:00,2.380311E+03,3.076676E+03,1.228429E-01,3.014936E-01,0.000000E+00,0.000000E+00,0.000000E+00,0.000000E+00,0.000000E+00,0.000000E+00,0.000000E+00,0.000000E+00,2.099769E+01,4.537889E+01,2.399840E+01,4.952443E+01,4.629182E+03,3.258760E+03,2.389120E-01,3.161675E-01,0.000000E+00,0.000000E+00,0.000000E+00,0.000000E+00,0.000000E+00,0.000000E+00,0.000000E+00,0.000000E+00,2.099845E+01,4.895179E+01,2.399862E+01,4.785215E+01,2.877165E+03,2.131512E+03,1.484894E-01,2.088698E-01,0.000000E+00,0.000000E+00,0.000000E+00,0.000000E+00,0.000000E+00,0.000000E+00,0.000000E+00,0.000000E+00,2.099832E+01,4.883877E+01,2.399860E+01,4.766947E+01,4.396844E+03,3.051385E+03,2.269209E-01,2.960480E-01,0.000000E+00,0.000000E+00,0.000000E+00,0.000000E+00,0.000000E+00,0.000000E+00,0.000000E+00,0.000000E+00,2.099845E+01,4.886924E+01,2.399861E+01,4.805852E+01,2.873624E+03,3.499993E+03,1.483066E-01,3.429683E-01,0.000000E+00,0.000000E+00,0.000000E+00,0.000000E+00,0.000000E+00,0.000000E+00,0.000000E+00,0.000000E+00,2.099832E+01,4.883671E+01,2.399863E+01,4.652670E+01
17:00:00,2.380298E+03,3.078922E+03,1.228422E-01,3.017137E-01,0.000000E+00,0.000000E+00,0.000000E+00,0.000000E+00,0.000000E+00,0.000000E+00,0.000000E+00,0.000000E+00,2.099769E+01,4.537889E+01,2.399840E+01,4.952192E+01,4.629172E+03,3.251103E+03,2.389115E-01,3.154246E-01,0.000000E+00,0.000000E+00,0.000000E+00,0.000000E+00,0.000000E+00,0.000000E+00,0.000000E+00,0.000000E+00,2.099845E+01,4.895178E+01,2.399862E+01,4.785958E+01,2.877159E+03,2.120649E+03,1.484891E-01,2.078052E-01,0.000000E+00,0.000000E+00,0.000000E+00,0.000000E+00,0.000000E+00,0.000000E+00,0.000000E+00,0.000000E+00,2.099832E+01,4.883877E+01,2.399860E+01,4.768431E+01,4.396834E+03,3.046019E+03,2.269204E-01,2.955274E-01,0.000000E+00,0.000000E+00,0.000000E+00,0.000000E+00,0.000000E+00,0.000000E+00,0.000000E+00,0.000000E+00,2.099845E+01,4.886923E+01,2.399861E+01,4.806416E+01,2.873619E+03,3.512418E+03,1.483063E-01,3.441857E-01,0.000000E+00,0.000000E+00,0.000000E+00,0.000000E+00,0.000000E+00,0.000000E+00,0.000000E+00,0.000000E+00,2.099832E+01,4.883671E+01,2.399864E+01,4.652567E+01
17:10:00,2.380285E+03,3.081514E+03,1.228415E-01,3.019664E-01,0.000000E+00,0.000000E+00,0.000000E+00,0.000000E+00,0.000000E+00,0.000000E+00,0.000000E+00,0.000000E+00,2.099769E+01,4.537889E+01,2.399865E+01,4.951804E+01,4.629164E+03,3.242283E+03,2.389110E-01,3.145678E-01,0.000000E+00,0.000000E+00,0.000000E+00,0.000000E+00,0.000000E+00,0.000000E+00,0.000000E+00,0.000000E+00,2.099845E+01,4.895178E+01,2.399883E+01,4.786790E+01,2.877153E+03,2.109176E+03,1.484888E-01,2.066803E-01,0.000000E+00,0.000000E+00,0.000000E+00,0.000000E+00,0.000000E+00,0.000000E+00,0.000000E+00,0.000000E+00,2.099832E+01,4.883876E+01,2.399881E+01,4.770030E+01,4.396826E+03,3.043111E+03,2.269200E-01,2.952443E-01,0.000000E+00,0.000000E+00,0.000000E+00,0.000000E+00,0.000000E+00,0.000000E+00,0.000000E+00,0.000000E+00,2.099845E+01,4.886923E+01,2.399882E+01,4.806693E+01,2.873613E+03,3.515117E+03,1.483060E-01,3.444489E-01,0.000000E+00,0.000000E+00,0.000000E+00,0.000000E+00,0.000000E+00,0.000000E+00,0.000000E+00,0.000000E+00,2.099832E+01,4.883671E+01,2.399884E+01,4.653145E+01
17:20:00,2.380272E+03,3.085140E+03,1.228409E-01,3.023200E-01,0.000000E+00,0.000000E+00,0.000000E+00,0.000000E+00,0.000000E+00,0.000000E+00,0.000000E+00,0.000000E+00,2.099769E+01,4.537888E+01,2.399874E+01,4.951333E+01,4.629155E+03,3.233174E+03,2.389106E-01,3.136826E-01,0.000000E+00,0.000000E+00,0.000000E+00,0.000000E+00,0.000000E+00,0.000000E+00,0.000000E+00,0.000000E+00,2.099845E+01,4.895178E+01,2.399891E+01,4.787751E+01,2.877148E+03,2.097834E+03,1.484885E-01,2.055679E-01,0.000000E+00,0.000000E+00,0.000000E+00,0.000000E+00,0.000000E+00,0.000000E+00,0.000000E+00,0.000000E+00,2.099832E+01,4.883876E+01,2.399888E+01,4.771633E+01,4.396817E+03,3.046208E+03,2.269195E-01,2.955434E-01,0.000000E+00,0.000000E+00,0.000000E+00,0.000000E+00,0.000000E+00,0.000000E+00,0.000000E+00,0.000000E+00,2.099845E+01,4.886923E+01,2.399889E+01,4.806226E+01,2.873607E+03,3.506935E+03,1.483058E-01,3.436455E-01,0.000000E+00,0.000000E+00,0.000000E+00,0.000000E+00,0.000000E+00,0.000000E+00,0.000000E+00,0.000000E+00,2.099832E+01,4.883670E+01,2.399891E+01,4.654300E+01
17:30:00,2.380260E+03,3.090165E+03,1.228402E-01,3.028107E-01,0.000000E+00,0.000000E+00,0.000000E+00,0.000000E+00,0.000000E+00,0.000000E+00,0.000000E+00,0.000000E+00,2.099769E+01,4.537888E+01,2.399874E+01,4.950656E+01,4.629147E+03,3.222536E+03,2.389101E-01,3.126490E-01,0.000000E+00,0.000000E+00,0.000000E+00,0.000000E+00,0.000000E+00,0.000000E+00,0.000000E+00,0.000000E+00,2.099845E+01,4.895177E+01,2.399891E+01,4.788920E+01,2.877142E+03,2.086224E+03,1.484882E-01,2.044293E-01,0.000000E+00,0.000000E+00,0.000000E+00,0.000000E+00,0.000000E+00,0.000000E+00,0.000000E+00,0.000000E+00,2.099832E+01,4.883876E+01,2.399889E+01,4.773340E+01,4.396808E+03,3.055789E+03,2.269191E-01,2.964716E-01,0.000000E+00,0.000000E+00,0.000000E+00,0.000000E+00,0.000000E+00,0.000000E+00,0.000000E+00,0.000000E+00,2.099845E+01,4.886922E+01,2.399888E+01,4.804876E+01,2.873602E+03,3.488396E+03,1.483055E-01,3.418273E-01,0.000000E+00,0.000000E+00,0.000000E+00,0.000000E+00,0.000000E+00,0.000000E+00,0.000000E+00,0.000000E+00,2.099832E+01,4.883670E+01,2.399891E+01,4.655947E+01
17:40:00,2.380248E+03,3.096738E+03,1.228396E-01,3.034531E-01,0.000000E+00,0.000000E+00,0.000000E+00,0.000000E+00,0.000000E+00,0.000000E+00,0.000000E+00,0.000000E+00,2.099769E+01,4.537887E+01,2.399874E+01,4.949744E+01,4.629138E+03,3.209820E+03,2.389097E-01,3.114139E-01,0.000000E+00,0.000000E+00,0.000000E+00,0.000000E+00,0.000000E+00,0.000000E+00,0.000000E+00,0.000000E+00,2.099845E+01,4.895177E+01,2.399891E+01,4.790292E+01,2.877137E+03,2.074268E+03,1.484879E-01,2.032568E-01,0.000000E+00,0.000000E+00,0.000000E+00,0.000000E+00,0.000000E+00,0.000000E+00,0.000000E+00,0.000000E+00,2.099832E+01,4.883876E+01,2.399888E+01,4.775104E+01,4.396800E+03,3.072044E+03,2.269187E-01,2.980473E-01,0.000000E+00,0.000000E+00,0.000000E+00,0.000000E+00,0.000000E+00,0.000000E+00,0.000000E+00,0.000000E+00,2.099845E+01,4.886922E+01,2.399888E+01,4.802759E+01,2.873597E+03,3.459186E+03,1.483052E-01,3.389634E-01,0.000000E+00,0.000000E+00,0.000000E+00,0.000000E+00,0.000000E+00,0.000000E+00,0.000000E+00,0.000000E+00,2.099832E+01,4.883670E+01,2.399891E+01,4.658092E+01
17:50:00,2.380237E+03,3.104762E+03,1.228390E-01,3.042377E-01,0.000000E+00,0.000000E+00,0.000000E+00,0.000000E+00,0.000000E+00,0.000000E+00,0.000000E+00,0.000000E+00,2.099769E+01,4.537885E+01,2.399874E+01,4.948656E+01,4.629130E+03,3.194783E+03,2.389093E-01,3.099535E-01,0.000000E+00,0.000000E+00,0.000000E+00,0.000000E+00,0.000000E+00,0.000000E+00,0.000000E+00,0.000000E+00,2.099845E+01,4.895177E+01,2.399891E+01,4.791888E+01,2.877132E+03,2.061989E+03,1.484877E-01,2.020526E-01,0.000000E+00,0.000000E+00,0.000000E+00,0.000000E+00,0.000000E+00,0.000000E+00,0.000000E+00,0.000000E+00,2.099832E+01,4.883875E+01,2.399888E+01,4.776917E+01,4.396792E+03,3.094592E+03,2.269183E-01,3.002336E-01,0.000000E+00,0.000000E+00,0.000000E+00,0.000000E+00,0.000000E+00,0.000000E+00,0.000000E+00,0.000000E+00,2.099845E+01,4.886922E+01,2.399888E+01,4.800153E+01,2.873592E+03,3.418563E+03,1.483049E-01,3.349811E-01,0.000000E+00,0.000000E+00,0.000000E+00,0.000000E+00,0.000000E+00,0.000000E+00,0.000000E+00,0.000000E+00,2.099832E+01,4.883669E+01,2.399892E+01,4.660844E+01
18:00:00,2.380225E+03,3.113774E+03,1.228384E-01,3.051191E-01,0.000000E+00,0.000000E+00,0.000000E+00,0.000000E+00,0.000000E+00,0.000000E+00,0.000000E+00,0.000000E+00,2.099769E+01,4.537884E+01,2.399874E+01,4.947494E+01,4.629122E+03,3.177282E+03,2.389089E-01,3.082541E-01,0.000000E+00,0.000000E+00,0.000000E+00,0.000000E+00,0.000000E+00,0.000000E+00,0.000000E+00,0.000000E+00,2.099845E+01,4.895177E+01,2.399891E+01,4.793716E+01,2.877127E+03,2.049406E+03,1.484874E-01,2.008186E-01,0.000000E+00,0.000000E+00,0.000000E+00,0.000000E+00,0.000000E+00,0.000000E+00,0.000000E+00,0.000000E+00,2.099832E+01,4.883875E+01,2.399888E+01,4.778777E+01,4.396784E+03,3.120187E+03,2.269178E-01,3.027155E-01,0.000000E+00,0.000000E+00,0.000000E+00,0.000000E+00,0.000000E+00,0.000000E+00,0.000000E+00,0.000000E+00,2.099845E+01,4.886922E+01,2.399888E+01,4.797600E+01,2.873587E+03,3.367455E+03,1.483047E-01,3.299716E-01,0.000000E+00,0.000000E+00,0.000000E+00,0.000000E+00,0.000000E+00,0.000000E+00,0.000000E+00,0.000000E+00,2.099832E+01,4.883669E+01,2.399892E+01,4.664336E+01
18:10:00,2.706231E+03,3.122824E+03,1.396629E-01,3.060055E-01,0.000000E+00,0.000000E+00,0.000000E+00,0.000000E+00,0.000000E+00,0.000000E+00,0.000000E+00,0.000000E+00,2.099769E+01,4.537883E+01,2.399874E+01,4.946403E+01,4.811284E+03,3.156990E+03,2.483103E-01,3.062850E-01,0.000000E+00,0.000000E+00,0.000000E+00,0.000000E+00,0.000000E+00,0.000000E+00,0.000000E+00,0.000000E+00,2.099845E+01,4.895176E+01,2.399891E+01,4.795836E+01,2.998568E+03,2.036370E+03,1.547550E-01,1.995409E-01,0.000000E+00,0.000000E+00,0.000000E+00,0.000000E+00,0.000000E+00,0.000000E+00,0.000000E+00,0.000000E+00,2.099832E+01,4.883875E+01,2.399888E+01,4.780740E+01,4.578946E+03,3.142906E+03,2.363192E-01,3.049194E-01,0.000000E+00,0.000000E+00,0.000000E+00,0.000000E+00,0.000000E+00,0.000000E+00,0.000000E+00,0.000000E+00,2.099845E+01,4.886921E+01,2.399889E+01,4.795762E+01,2.995028E+03,3.304533E+03,1.545722E-01,3.238055E-01,0.000000E+00,0.000000E+00,0.000000E+00,0.000000E+00,0.000000E+00,0.000000E+00,0.000000E+00,0.000000E+00,2.099832E+01,4.883669E+01,2.399893E+01,4.668769E+01
18:20:00,3.032295E+03,3.130670E+03,1.564871E-01,3.067743E-01,0.000000E+00,0.000000E+00,0.000000E+00,0.000000E+00,0.000000E+00,0.000000E+00,0.000000E+00,0.000000E+00,2.099604E+01,4.403527E+01,2.399874E+01,4.945531E+01,4.993456E+03,3.133644E+03,2.577114E-01,3.040199E-01,0.000000E+00,0.000000E+00,0.000000E+00,0.000000E+00,0.000000E+00,0.000000E+00,0.000000E+00,0.000000E+00,2.099816E+01,4.768735E+01,2.399891E+01,4.798318E+01,3.120015E+03,2.022718E+03,1.610222E-01,1.982033E-01,0.000000E+00,0.000000E+00,0.000000E+00,0.000000E+00,0.000000E+00,0.000000E+00,0.000000E+00,0.000000E+00,2.099798E+01,4.745184E+01,2.399889E+01,4.782868E+01,4.761117E+03,3.157614E+03,2.457203E-01,3.063463E-01,0.000000E+00,0.000000E+00,0.000000E+00,0.000000E+00,0.000000E+00,0.000000E+00,0.000000E+00,0.000000E+00,2.099814E+01,4.760246E+01,2.399890E+01,4.795039E+01,3.116475E+03,3.227767E+03,1.608395E-01,3.162831E-01,0.000000E+00,0.000000E+00,0.000000E+00,0.000000E+00,0.000000E+00,0.000000E+00,0.000000E+00,0.000000E+00,2.099798E+01,4.744972E+01,2.399893E+01,4.674382E+01
18:30:00,3.358432E+03,3.136319E+03,1.733129E-01,3.073279E-01,0.000000E+00,0.000000E+00,0.000000E+00,0.000000E+00,0.000000E+00,0.000000E+00,0.000000E+00,0.000000E+00,2.099492E+01,4.306308E+01,2.399874E+01,4.944978E+01,5.175651E+03,3.107037E+03,2.671104E-01,3.014385E-01,0.000000E+00,0.000000E+00,0.000000E+00,0.000000E+00,0.000000E+00,0.000000E+00,0.000000E+00,0.000000E+00,2.099686E+01,4.691878E+01,2.399892E+01,4.801185E+01,3.241473E+03,2.008291E+03,1.672877E-01,1.967895E-01,0.000000E+00,0.000000E+00,0.000000E+00,0.000000E+00,0.000000E+00,0.000000E+00,0.000000E+00,0.000000E+00,2.099652E+01,4.663711E+01,2.399889E+01,4.785176E+01,4.943310E+03,3.159979E+03,2.551193E-01,3.065756E-01,0.000000E+00,0.000000E+00,0.000000E+00,0.000000E+00,0.000000E+00,0.000000E+00,0.000000E+00,0.000000E+00,2.099687E+01,4.681830E+01,2.399891E+01,4.795675E+01,3.237933E+03,3.135698E+03,1.671050E-01,3.072613E-01,0.000000E+00,0.000000E+00,0.000000E+00,0.000000E+00,0.000000E+00,0.000000E+00,0.000000E+00,0.000000E+00,2.099652E+01,4.663456E+01,2.399894E+01,4.681379E+01
18:40:00,3.684642E+03,3.138936E+03,1.901410E-01,3.075842E-01,0.000000E+00,0.000000E+00,0.000000E+00,0.000000E+00,0.000000E+00,0.000000E+00,0.000000E+00,0.000000E+00,2.099411E+01,4.235982E+01,2.399874E+01,4.944824E+01,5.357896E+03,3.076532E+03,2.765094E-01,2.984790E-01,0.000000E+00,0.000000E+00,0.000000E+00,0.000000E+00,0.000000E+00,0.000000E+00,0.000000E+00,0.000000E+00,2.099590E+01,4.644996E+01,2.399892E+01,4.804504E+01,3.362962E+03,1.992631E+03,1.735530E-01,1.952550E-01,0.000000E+00,0.000000E+00,0.000000E+00,0.000000E+00,0.000000E+00,0.000000E+00,0.000000E+00,0.000000E+00,2.099547E+01,4.615672E+01,2.399889E+01,4.787723E+01,5.125552E+03,3.144644E+03,2.645186E-01,3.050877E-01,0.000000E+00,0.000000E+00,0.000000E+00,0.000000E+00,0.000000E+00,0.000000E+00,0.000000E+00,0.000000E+00,2.099593E+01,4.633126E+01,2.399892E+01,4.798057E+01,3.359422E+03,3.024045E+03,1.733703E-01,2.963205E-01,0.000000E+00,0.000000E+00,0.000000E+00,0.000000E+00,0.000000E+00,0.000000E+00,0.000000E+00,0.000000E+00,2.099547E+01,4.615370E+01,2.399895E+01,4.690306E+01
18:50:00,4.010923E+03,3.137904E+03,2.069715E-01,3.074831E-01,0.000000E+00,0.000000E+00,0.000000E+00,0.000000E+00,0.000000E+00,0.000000E+00,0.000000E+00,0.000000E+00,2.099353E+01,4.185116E+01,2.399875E+01,4.945137E+01,5.540197E+03,3.042345E+03,2.859098E-01,2.951621E-01,0.000000E+00,0.000000E+00,0.000000E+00,0.000000E+00,0.000000E+00,0.000000E+00,0.000000E+00,0.000000E+00,2.099530E+01,4.616379E+01,2.399892E+01,4.808297E+01,3.484488E+03,1.975628E+03,1.798193E-01,1.935889E-01,0.000000E+00,0.000000E+00,0.000000E+00,0.000000E+00,0.000000E+00,0.000000E+00,0.000000E+00,0.000000E+00,2.099482E+01,4.587327E+01,2.399889E+01,4.790548E+01,5.307849E+03,3.109352E+03,2.739192E-01,3.016634E-01,0.000000E+00,0.000000E+00,0.000000E+00,0.000000E+00,0.000000E+00,0.000000E+00,0.000000E+00,0.000000E+00,2.099533E+01,4.602859E+01,2.399893E+01,4.802464E+01,3.480948E+03,2.892946E+03,1.796366E-01,2.834741E-01,0.000000E+00,0.000000E+00,0.000000E+00,0.000000E+00,0.000000E+00,0.000000E+00,0.000000E+00,0.000000E+00,2.099482E+01,4.586984E+01,2.399897E+01,4.701645E+01
19:00:00,4.337270E+03,3.132914E+03,2.238046E-01,3.069941E-01,0.000000E+00,0.000000E+00,0.000000E+00,0.000000E+00,0.000000E+00,0.000000E+00,0.000000E+00,0.000000E+00,2.099311E+01,4.148332E+01,2.399875E+01,4.945955E+01,5.722556E+03,3.005030E+03,2.953122E-01,2.915419E-01,0.000000E+00,0.000000E+00,0.000000E+00,0.000000E+00,0.000000E+00,0.000000E+00,0.000000E+00,0.000000E+00,2.099492E+01,4.598914E+01,2.399892E+01,4.812455E+01,3.606052E+03,1.957245E+03,1.860868E-01,1.917875E-01,0.000000E+00,0.000000E+00,0.000000E+00,0.000000E+00,0.000000E+00,0.000000E+00,0.000000E+00,0.000000E+00,2.099444E+01,4.570604E+01,2.399889E+01,4.793614E+01,5.490202E+03,3.056619E+03,2.833217E-01,2.965471E-01,0.000000E+00,0.000000E+00,0.000000E+00,0.000000E+00,0.000000E+00,0.000000E+00,0.000000E+00,0.000000E+00,2.099495E+01,4.584051E+01,2.399894E+01,4.808717E+01,3.602511E+03,2.746386E+03,1.859041E-01,2.691127E-01,0.000000E+00,0.000000E+00,0.000000E+00,0.000000E+00,0.000000E+00,0.000000E+00,0.000000E+00,0.000000E+00,2.099444E+01,4.570229E+01,2.399898E+01,4.715132E+01
19:10:00,4.337660E+03,3.124471E+03,2.238151E-01,3.061666E-01,0.000000E+00,0.000000E+00,0.000000E+00,0.000000E+00,0.000000E+00,0.000000E+00,0.000000E+00,0.000000E+00,2.099281E+01,4.121736E+01,2.399875E+01,4.947237E+01,5.722796E+03,2.966924E+03,2.953149E-01,2.878448E-01,0.000000E+00,0.000000E+00,0.000000E+00,0.000000E+00,0.000000E+00,0.000000E+00,0.000000E+00,0.000000E+00,2.099470E+01,4.588258E+01,2.399892E+01,4.816723E+01,3.606204E+03,1.938440E+03,1.860879E-01,1.899450E-01,0.000000E+00,0.000000E+00,0.000000E+00,0.000000E+00,0.000000E+00,0.000000E+00,0.000000E+00,0.000000E+00,2.099421E+01,4.560743E+01,2.399889E+01,4.796771E+01,5.490437E+03,2.994798E+03,2.833246E-01,2.905491E-01,0.000000E+00,0.000000E+00,0.000000E+00,0.000000E+00,0.000000E+00,0.000000E+00,0.000000E+00,0.000000E+00,2.099471E+01,4.572367E+01,2.399894E+01,4.815899E+01,3.602663E+03,2.597945E+03,1.859052E-01,2.545671E-01,0.000000E+00,0.000000E+00,0.000000E+00,0.000000E+00,0.000000E+00,0.000000E+00,0.000000E+00,0.000000E+00,2.099421E+01,4.560344E+01,2.399897E+01,4.729194E+01
19:20:00,4.338045E+03,3.113370E+03,2.238282E-01,3.050788E-01,0.000000E+00,0.000000E+00,0.000000E+00,0.000000E+00,0.000000E+00,0.000000E+00,0.000000E+00,0.000000E+00,2.099258E+01,4.102510E+01,2.399876E+01,4.948850E+01,5.723072E+03,2.929602E+03,2.953197E-01,2.842240E-01,0.000000E+00,0.000000E+00,0.000000E+00,0.000000E+00,0.000000E+00,0.000000E+00,0.000000E+00,0.000000E+00,2.099456E+01,4.581759E+01,2.399892E+01,4.820809E+01,3.606380E+03,1.919793E+03,1.860906E-01,1.881177E-01,0.000000E+00,0.000000E+00,0.000000E+00,0.000000E+00,0.000000E+00,0.000000E+00,0.000000E+00,0.000000E+00,2.099407E+01,4.554931E+01,2.399889E+01,4.799819E+01,5.490708E+03,2.930305E+03,2.833297E-01,2.842919E-01,0.000000E+00,0.000000E+00,0.000000E+00,0.000000E+00,0.000000E+00,0.000000E+00,0.000000E+00,0.000000E+00,2.099457E+01,4.565112E+01,2.399894E+01,4.822786E+01,3.602839E+03,2.457709E+03,1.859079E-01,2.408256E-01,0.000000E+00,0.000000E+00,0.000000E+00,0.000000E+00,0.000000E+00,0.000000E+00,0.000000E+00,0.000000E+00,2.099407E+01,4.554516E+01,2.399895E+01,4.741859E+01
19:30:00,4.338406E+03,3.100848E+03,2.238419E-01,3.038528E-01,0.000000E+00,0.000000E+00,0.000000E+00,0.000000E+00,0.000000E+00,0.000000E+00,0.000000E+00,0.000000E+00,2.099243E+01,4.088616E+01,2.399854E+01,4.950542E+01,5.723365E+03,2.894479E+03,2.953287E-01,2.808172E-01,0.000000E+00,0.000000E+00,0.000000E+00,0.000000E+00,0.000000E+00,0.000000E+00,0.000000E+00,0.000000E+00,2.099447E+01,4.577799E+01,2.399874E+01,4.824351E+01,3.606572E+03,1.901844E+03,1.860964E-01,1.863595E-01,0.000000E+00,0.000000E+00,0.000000E+00,0.000000E+00,0.000000E+00,0.000000E+00,0.000000E+00,0.000000E+00,2.099399E+01,4.551509E+01,2.399870E+01,4.802511E+01,5.490996E+03,2.867953E+03,2.833386E-01,2.782432E-01,0.000000E+00,0.000000E+00,0.000000E+00,0.000000E+00,0.000000E+00,0.000000E+00,0.000000E+00,0.000000E+00,2.099448E+01,4.560610E+01,2.399876E+01,4.828449E+01,3.603031E+03,2.331663E+03,1.859137E-01,2.284751E-01,0.000000E+00,0.000000E+00,0.000000E+00,0.000000E+00,0.000000E+00,0.000000E+00,0.000000E+00,0.000000E+00,2.099399E+01,4.551083E+01,2.399879E+01,4.751751E+01
19:40:00,4.338736E+03,3.087914E+03,2.238554E-01,3.025870E-01,0.000000E+00,0.000000E+00,0.000000E+00,0.000000E+00,0.000000E+00,0.000000E+00,0.000000E+00,0.000000E+00,2.099231E+01,4.078577E+01,2.399842E+01,4.952354E+01,5.723643E+03,2.863065E+03,2.953392E-01,2.777707E-01,0.000000E+00,0.000000E+00,0.000000E+00,0.000000E+00,0.000000E+00,0.000000E+00,0.000000E+00,0.000000E+00,2.099442E+01,4.575387E+01,2.399863E+01,4.827847E+01,3.606756E+03,1.885258E+03,1.861034E-01,1.847351E-01,0.000000E+00,0.000000E+00,0.000000E+00,0.000000E+00,0.000000E+00,0.000000E+00,0.000000E+00,0.000000E+00,2.099395E+01,4.549497E+01,2.399860E+01,4.805208E+01,5.491271E+03,2.813556E+03,2.833490E-01,2.729670E-01,0.000000E+00,0.000000E+00,0.000000E+00,0.000000E+00,0.000000E+00,0.000000E+00,0.000000E+00,0.000000E+00,2.099442E+01,4.557818E+01,2.399864E+01,4.833765E+01,3.603215E+03,2.227710E+03,1.859207E-01,2.182900E-01,0.000000E+00,0.000000E+00,0.000000E+00,0.000000E+00,0.000000E+00,0.000000E+00,0.000000E+00,0.000000E+00,2.099395E+01,4.549063E+01,2.399866E+01,4.760698E+01
19:50:00,4.339032E+03,3.075664E+03,2.238681E-01,3.013883E-01,0.000000E+00,0.000000E+00,0.000000E+00,0.000000E+00,0.000000E+00,0.000000E+00,0.000000E+00,0.000000E+00,2.099223E+01,4.071326E+01,2.399841E+01,4.954010E+01,5.723894E+03,2.835963E+03,2.953498E-01,2.751427E-01,0.000000E+00,0.000000E+00,0.000000E+00,0.000000E+00,0.000000E+00,0.000000E+00,0.000000E+00,0.000000E+00,2.099439E+01,4.573920E+01,2.399862E+01,4.830924E+01,3.606923E+03,1.870358E+03,1.861106E-01,1.832759E-01,0.000000E+00,0.000000E+00,0.000000E+00,0.000000E+00,0.000000E+00,0.000000E+00,0.000000E+00,0.000000E+00,2.099392E+01,4.548316E+01,2.399859E+01,4.807631E+01,5.491520E+03,2.770409E+03,2.833595E-01,2.687823E-01,0.000000E+00,0.000000E+00,0.000000E+00,0.000000E+00,0.000000E+00,0.000000E+00,0.000000E+00,0.000000E+00,2.099439E+01,4.556088E+01,2.399863E+01,4.838203E+01,3.603382E+03,2.149266E+03,1.859278E-01,2.106045E-01,0.000000E+00,0.000000E+00,0.000000E+00,0.000000E+00,0.000000E+00,0.000000E+00,0.000000E+00,0.000000E+00,2.099392E+01,4.547877E+01,2.399864E+01,4.767907E+01
20:00:00,4.339296E+03,3.065148E+03,2.238799E-01,3.003609E-01,0.000000E+00,0.000000E+00,0.000000E+00,0.000000E+00,0.000000E+00,0.000000E+00,0.000000E+00,0.000000E+00,2.099217E+01,4.066091E+01,2.399814E+01,4.955377E+01,5.724115E+03,2.813421E+03,2.953597E-01,2.729580E-01,0.000000E+00,0.000000E+00,0.000000E+00,0.000000E+00,0.000000E+00,0.000000E+00,0.000000E+00,0.000000E+00,2.099437E+01,4.573029E+01,2.399841E+01,4.833375E+01,3.607070E+03,1.857429E+03,1.861172E-01,1.820106E-01,0.000000E+00,0.000000E+00,0.000000E+00,0.000000E+00,0.000000E+00,0.000000E+00,0.000000E+00,0.000000E+00,2.099390E+01,4.547625E+01,2.399838E+01,4.809616E+01,5.491739E+03,2.739851E+03,2.833694E-01,2.658198E-01,0.000000E+00,0.000000E+00,0.000000E+00,0.000000E+00,0.000000E+00,0.000000E+00,0.000000E+00,0.000000E+00,2.099436E+01,4.555019E+01,2.399841E+01,4.841551E+01,3.603529E+03,2.095717E+03,1.859345E-01,2.053591E-01,0.000000E+00,0.000000E+00,0.000000E+00,0.000000E+00,0.000000E+00,0.000000E+00,0.000000E+00,0.000000E+00,2.099390E+01,4.547183E+01,2.399844E+01,4.773138E+01
20:10:00,4.339529E+03,3.056566E+03,2.238906E-01,2.995244E-01,0.000000E+00,0.000000E+00,0.000000E+00,0.000000E+00,0.000000E+00,0.000000E+00,0.000000E+00,0.000000E+00,2.099212E+01,4.062313E+01,2.399784E+01,4.956836E+01,5.724307E+03,2.794246E+03,2.953687E-01,2.711011E-01,0.000000E+00,0.000000E+00,0.000000E+00,0.000000E+00,0.000000E+00,0.000000E+00,0.000000E+00,0.000000E+00,2.099436E+01,4.572490E+01,2.399815E+01,4.836048E+01,3.607197E+03,1.845983E+03,1.861233E-01,1.808913E-01,0.000000E+00,0.000000E+00,0.000000E+00,0.000000E+00,0.000000E+00,0.000000E+00,0.000000E+00,0.000000E+00,2.099389E+01,4.547222E+01,2.399812E+01,4.811829E+01,5.491931E+03,2.716982E+03,2.833784E-01,2.636046E-01,0.000000E+00,0.000000E+00,0.000000E+00,0.000000E+00,0.000000E+00,0.000000E+00,0.000000E+00,0.000000E+00,2.099435E+01,4.554358E+01,2.399815E+01,4.845046E+01,3.603656E+03,2.057376E+03,1.859406E-01,2.016047E-01,0.000000E+00,0.000000E+00,0.000000E+00,0.000000E+00,0.000000E+00,0.000000E+00,0.000000E+00,0.000000E+00,2.099389E+01,4.546777E+01,2.399818E+01,4.778447E+01
20:20:00,4.339734E+03,3.049886E+03,2.239002E-01,2.988745E-01,0.000000E+00,0.000000E+00,0.000000E+00,0.000000E+00,0.000000E+00,0.000000E+00,0.000000E+00,0.000000E+00,2.099209E+01,4.059588E+01,2.399782E+01,4.957965E+01,5.724472E+03,2.777604E+03,2.953767E-01,2.694900E-01,0.000000E+00,0.000000E+00,0.000000E+00,0.000000E+00,0.000000E+00,0.000000E+00,0.000000E+00,0.000000E+00,2.099435E+01,4.572164E+01,2.399813E+01,4.838281E+01,3.607307E+03,1.835687E+03,1.861287E-01,1.798847E-01,0.000000E+00,0.000000E+00,0.000000E+00,0.000000E+00,0.000000E+00,0.000000E+00,0.000000E+00,0.000000E+00,2.099389E+01,4.546988E+01,2.399810E+01,4.813720E+01,5.492097E+03,2.698382E+03,2.833864E-01,2.618034E-01,0.000000E+00,0.000000E+00,0.000000E+00,0.000000E+00,0.000000E+00,0.000000E+00,0.000000E+00,0.000000E+00,2.099434E+01,4.553952E+01,2.399813E+01,4.847844E+01,3.603766E+03,2.027759E+03,1.859460E-01,1.987052E-01,0.000000E+00,0.000000E+00,0.000000E+00,0.000000E+00,0.000000E+00,0.000000E+00,0.000000E+00,0.000000E+00,2.099389E+01,4.546543E+01,2.399814E+01,4.782597E+01
20:30:00,4.339915E+03,3.044653E+03,2.239088E-01,2.983653E-01,0.000000E+00,0.000000E+00,0.000000E+00,0.000000E+00,0.000000E+00,0.000000E+00,0.000000E+00,0.000000E+00,2.099207E+01,4.057624E+01,2.399782E+01,4.958925E+01,5.724615E+03,2.762857E+03,2.953838E-01,2.680619E-01,0.000000E+00,0.000000E+00,0.000000E+00,0.000000E+00,0.000000E+00,0.000000E+00,0.000000E+00,0.000000E+00,2.099434E+01,4.571969E+01,2.399813E+01,4.840297E+01,3.607402E+03,1.826264E+03,1.861334E-01,1.789631E-01,0.000000E+00,0.000000E+00,0.000000E+00,0.000000E+00,0.000000E+00,0.000000E+00,0.000000E+00,0.000000E+00,2.099388E+01,4.546854E+01,2.399810E+01,4.815474E+01,5.492241E+03,2.682734E+03,2.833935E-01,2.602880E-01,0.000000E+00,0.000000E+00,0.000000E+00,0.000000E+00,0.000000E+00,0.000000E+00,0.000000E+00,0.000000E+00,2.099434E+01,4.553702E+01,2.399812E+01,4.850251E+01,3.603861E+03,2.004153E+03,1.859507E-01,1.963942E-01,0.000000E+00,0.000000E+00,0.000000E+00,0.000000E+00,0.000000E+00,0.000000E+00,0.000000E+00,0.000000E+00,2.099388E+01,4.546408E+01,2.399813E+01,4.786059E+01
20:40:00,4.340073E+03,3.040648E+03,2.239165E-01,2.979757E-01,0.000000E+00,0.000000E+00,0.000000E+00,0.000000E+00,0.000000E+00,0.000000E+00,0.000000E+00,0.000000E+00,2.099205E+01,4.056210E+01,2.399782E+01,4.959742E+01,5.724740E+03,2.749671E+03,2.953900E-01,2.667848E-01,0.000000E+00,0.000000E+00,0.000000E+00,0.000000E+00,0.000000E+00,0.000000E+00,0.000000E+00,0.000000E+00,2.099434E+01,4.571852E+01,2.399812E+01,4.842142E+01,3.607485E+03,1.817587E+03,1.861376E-01,1.781143E-01,0.000000E+00,0.000000E+00,0.000000E+00,0.000000E+00,0.000000E+00,0.000000E+00,0.000000E+00,0.000000E+00,2.099388E+01,4.546779E+01,2.399810E+01,4.817124E+01,5.492366E+03,2.669427E+03,2.833997E-01,2.589991E-01,0.000000E+00,0.000000E+00,0.000000E+00,0.000000E+00,0.000000E+00,0.000000E+00,0.000000E+00,0.000000E+00,2.099433E+01,4.553551E+01,2.399812E+01,4.852349E+01,3.603944E+03,1.985064E+03,1.859549E-01,1.945254E-01,0.000000E+00,0.000000E+00,0.000000E+00,0.000000E+00,0.000000E+00,0.000000E+00,0.000000E+00,0.000000E+00,2.099388E+01,4.546332E+01,2.399813E+01,4.788977E+01
20:50:00,4.340212E+03,3.037557E+03,2.239233E-01,2.976758E-01,0.000000E+00,0.000000E+00,0.000000E+00,0.000000E+00,0.000000E+00,0.000000E+00,0.000000E+00,0.000000E+00,2.099204E+01,4.055192E+01,2.399782E+01,4.960438E+01,5.724848E+03,2.737692E+03,2.953955E-01,2.656248E-01,0.000000E+00,0.000000E+00,0.000000E+00,0.000000E+00,0.000000E+00,0.000000E+00,0.000000E+00,0.000000E+00,2.099434E+01,4.571784E+01,2.399812E+01,4.843850E+01,3.607556E+03,1.809494E+03,1.861412E-01,1.773228E-01,0.000000E+00,0.000000E+00,0.000000E+00,0.000000E+00,0.000000E+00,0.000000E+00,0.000000E+00,0.000000E+00,2.099388E+01,4.546737E+01,2.399810E+01,4.818694E+01,5.492475E+03,2.657917E+03,2.834052E-01,2.578846E-01,0.000000E+00,0.000000E+00,0.000000E+00,0.000000E+00,0.000000E+00,0.000000E+00,0.000000E+00,0.000000E+00,2.099433E+01,4.553459E+01,2.399812E+01,4.854198E+01,3.604015E+03,1.969365E+03,1.859585E-01,1.929886E-01,0.000000E+00,0.000000E+00,0.000000E+00,0.000000E+00,0.000000E+00,0.000000E+00,0.000000E+00,0.000000E+00,2.099388E+01,4.546290E+01,2.399812E+01,4.791466E+01
21:00:00,4.340335E+03,3.034984E+03,2.239294E-01,2.974254E-01,0.000000E+00,0.000000E+00,0.000000E+00,0.000000E+00,0.000000E+00,0.000000E+00,0.000000E+00,0.000000E+00,2.099203E+01,4.054461E+01,2.399782E+01,4.961034E+01,5.724942E+03,2.726543E+03,2.954003E-01,2.645443E-01,0.000000E+00,0.000000E+00,0.000000E+00,0.000000E+00,0.000000E+00,0.000000E+00,0.000000E+00,0.000000E+00,2.099434E+01,4.571744E+01,2.399812E+01,4.845454E+01,3.607619E+03,1.801794E+03,1.861444E-01,1.765690E-01,0.000000E+00,0.000000E+00,0.000000E+00,0.000000E+00,0.000000E+00,0.000000E+00,0.000000E+00,0.000000E+00,2.099388E+01,4.546715E+01,2.399809E+01,4.820202E+01,5.492571E+03,2.647690E+03,2.834101E-01,2.568936E-01,0.000000E+00,0.000000E+00,0.000000E+00,0.000000E+00,0.000000E+00,0.000000E+00,0.000000E+00,0.000000E+00,2.099433E+01,4.553404E+01,2.399811E+01,4.855852E+01,3.604078E+03,1.956158E+03,1.859617E-01,1.916954E-01,0.000000E+00,0.000000E+00,0.000000E+00,0.000000E+00,0.000000E+00,0.000000E+00,0.000000E+00,0.000000E+00,2.099388E+01,4.546267E+01,2.399812E+01,4.793620E+01
21:10:00,4.340445E+03,3.032904E+03,2.239348E-01,2.972216E-01,0.000000E+00,0.000000E+00,0.000000E+00,0.000000E+00,0.000000E+00,0.000000E+00,0.000000E+00,0.000000E+00,2.099203E+01,4.053937E+01,2.399781E+01,4.961551E+01,5.725025E+03,2.716011E+03,2.954045E-01,2.635226E-01,0.000000E+00,0.000000E+00,0.000000E+00,0.000000E+00,0.000000E+00,0.000000E+00,0.000000E+00,0.000000E+00,2.099434E+01,4.571722E+01,2.399812E+01,4.846979E+01,3.607674E+03,1.794387E+03,1.861472E-01,1.758433E-01,0.000000E+00,0.000000E+00,0.000000E+00,0.000000E+00,0.000000E+00,0.000000E+00,0.000000E+00,0.000000E+00,2.099388E+01,4.546704E+01,2.399809E+01,4.821668E+01,5.492655E+03,2.638450E+03,2.834144E-01,2.559973E-01,0.000000E+00,0.000000E+00,0.000000E+00,0.000000E+00,0.000000E+00,0.000000E+00,0.000000E+00,0.000000E+00,2.099433E+01,4.553372E+01,2.399811E+01,4.857354E+01,3.604133E+03,1.944817E+03,1.859645E-01,1.905843E-01,0.000000E+00,0.000000E+00,0.000000E+00,0.000000E+00,0.000000E+00,0.000000E+00,0.000000E+00,0.000000E+00,2.099388E+01,4.546256E+01,2.399811E+01,4.795515E+01
21:20:00,4.340542E+03,3.031449E+03,2.239397E-01,2.970790E-01,0.000000E+00,0.000000E+00,0.000000E+00,0.000000E+00,0.000000E+00,0.000000E+00,0.000000E+00,0.000000E+00,2.099202E+01,4.053561E+01,2.399781E+01,4.961947E+01,5.725099E+03,2.706113E+03,2.954083E-01,2.625623E-01,0.000000E+00,0.000000E+00,0.000000E+00,0.000000E+00,0.000000E+00,0.000000E+00,0.000000E+00,0.000000E+00,2.099434E+01,4.571710E+01,2.399812E+01,4.848217E+01,3.607723E+03,1.787303E+03,1.861497E-01,1.751490E-01,0.000000E+00,0.000000E+00,0.000000E+00,0.000000E+00,0.000000E+00,0.000000E+00,0.000000E+00,0.000000E+00,2.099388E+01,4.546700E+01,2.399809E+01,4.822869E+01,5.492729E+03,2.630129E+03,2.834182E-01,2.551900E-01,0.000000E+00,0.000000E+00,0.000000E+00,0.000000E+00,0.000000E+00,0.000000E+00,0.000000E+00,0.000000E+00,2.099433E+01,4.553354E+01,2.399811E+01,4.858538E+01,3.604182E+03,1.934968E+03,1.859670E-01,1.896192E-01,0.000000E+00,0.000000E+00,0.000000E+00,0.000000E+00,0.000000E+00,0.000000E+00,0.000000E+00,0.000000E+00,2.099388E+01,4.546252E+01,2.399811E+01,4.796962E+01
21:30:00,4.340629E+03,3.030150E+03,2.239441E-01,2.969570E-01,0.000000E+00,0.000000E+00,0.000000E+00,0.000000E+00,0.000000E+00,0.000000E+00,0.000000E+00,0.000000E+00,2.099202E+01,4.053294E+01,2.399677E+01,4.962589E+01,5.725165E+03,2.696502E+03,2.954117E-01,2.616333E-01,0.000000E+00,0.000000E+00,0.000000E+00,0.000000E+00,0.000000E+00,0.000000E+00,0.000000E+00,0.000000E+00,2.099434E+01,4.571705E+01,2.399731E+01,4.849828E+01,3.607766E+03,1.780351E+03,1.861519E-01,1.744700E-01,0.000000E+00,0.000000E+00,0.000000E+00,0.000000E+00,0.000000E+00,0.000000E+00,0.000000E+00,0.000000E+00,2.099388E+01,4.546699E+01,2.399733E+01,4.824460E+01,5.492796E+03,2.622314E+03,2.834216E-01,2.544353E-01,0.000000E+00,0.000000E+00,0.000000E+00,0.000000E+00,0.000000E+00,0.000000E+00,0.000000E+00,0.000000E+00,2.099433E+01,4.553345E+01,2.399729E+01,4.860027E+01,3.604225E+03,1.926118E+03,1.859692E-01,1.887543E-01,0.000000E+00,0.000000E+00,0.000000E+00,0.000000E+00,0.000000E+00,0.000000E+00,0.000000E+00,0.000000E+00,2.099388E+01,4.546251E+01,2.399738E+01,4.798696E+01
21:40:00,4.340708E+03,3.028941E+03,2.239481E-01,2.968444E-01,0.000000E+00,0.000000E+00,0.000000E+00,0.000000E+00,0.000000E+00,0.000000E+00,0.000000E+00,0.000000E+00,2.099202E+01,4.053103E+01,2.399664E+01,4.962942E+01,5.725224E+03,2.687074E+03,2.954147E-01,2.607225E-01,0.000000E+00,0.000000E+00,0.000000E+00,0.000000E+00,0.000000E+00,0.000000E+00,0.000000E+00,0.000000E+00,2.099434E+01,4.571703E+01,2.399719E+01,4.851214E+01,3.607805E+03,1.773475E+03,1.861539E-01,1.737987E-01,0.000000E+00,0.000000E+00,0.000000E+00,0.000000E+00,0.000000E+00,0.000000E+00,0.000000E+00,0.000000E+00,2.099388E+01,4.546700E+01,2.399722E+01,4.825861E+01,5.492855E+03,2.614848E+03,2.834246E-01,2.537148E-01,0.000000E+00,0.000000E+00,0.000000E+00,0.000000E+00,0.000000E+00,0.000000E+00,0.000000E+00,0.000000E+00,2.099433E+01,4.553341E+01,2.399718E+01,4.861250E+01,3.604264E+03,1.917967E+03,1.859712E-01,1.879582E-01,0.000000E+00,0.000000E+00,0.000000E+00,0.000000E+00,0.000000E+00,0.000000E+00,0.000000E+00,0.000000E+00,2.099388E+01,4.546253E+01,2.399726E+01,4.800149E+01
21:50:00,4.340779E+03,3.027767E+03,2.239517E-01,2.967352E-01,0.000000E+00,0.000000E+00,0.000000E+00,0.000000E+00,0.000000E+00,0.000000E+00,0.000000E+00,0.000000E+00,2.099201E+01,4.052968E+01,2.399662E+01,4.963265E+01,5.725277E+03,2.677764E+03,2.954174E-01,2.598232E-01,0.000000E+00,0.000000E+00,0.000000E+00,0.000000E+00,0.000000E+00,0.000000E+00,0.000000E+00,0.000000E+00,2.099434E+01,4.571703E+01,2.399717E+01,4.852573E+01,3.607840E+03,1.766643E+03,1.861557E-01,1.731318E-01,0.000000E+00,0.000000E+00,0.000000E+00,0.000000E+00,0.000000E+00,0.000000E+00,0.000000E+00,0.000000E+00,2.099388E+01,4.546703E+01,2.399720E+01,4.827248E+01,5.492909E+03,2.607620E+03,2.834274E-01,2.530174E-01,0.000000E+00,0.000000E+00,0.000000E+00,0.000000E+00,0.000000E+00,0.000000E+00,0.000000E+00,0.000000E+00,2.099433E+01,4.553339E+01,2.399716E+01,4.862417E+01,3.604299E+03,1.910303E+03,1.859730E-01,1.872099E-01,0.000000E+00,0.000000E+00,0.000000E+00,0.000000E+00,0.000000E+00,0.000000E+00,0.000000E+00,0.000000E+00,2.099388E+01,4.546255E+01,2.399724E+01,4.801513E+01
22:00:00,4.340844E+03,3.026575E+03,2.239550E-01,2.966243E-01,0.000000E+00,0.000000E+00,0.000000E+00,0.000000E+00,0.000000E+00,0.000000E+00,0.000000E+00,0.000000E+00,2.099201E+01,4.052874E+01,2.399662E+01,4.963589E+01,5.725325E+03,2.668519E+03,2.954199E-01,2.589302E-01,0.000000E+00,0.000000E+00,0.000000E+00,0.000000E+00,0.000000E+00,0.000000E+00,0.000000E+00,0.000000E+00,2.099434E+01,4.571704E+01,2.399717E+01,4.853931E+01,3.607872E+03,1.759829E+03,1.861574E-01,1.724666E-01,0.000000E+00,0.000000E+00,0.000000E+00,0.000000E+00,0.000000E+00,0.000000E+00,0.000000E+00,0.000000E+00,2.099388E+01,4.546705E+01,2.399719E+01,4.828645E+01,5.492958E+03,2.600540E+03,2.834299E-01,2.523345E-01,0.000000E+00,0.000000E+00,0.000000E+00,0.000000E+00,0.000000E+00,0.000000E+00,0.000000E+00,0.000000E+00,2.099433E+01,4.553340E+01,2.399715E+01,4.863560E+01,3.604330E+03,1.902960E+03,1.859747E-01,1.864930E-01,0.000000E+00,0.000000E+00,0.000000E+00,0.000000E+00,0.000000E+00,0.000000E+00,0.000000E+00,0.000000E+00,2.099388E+01,4.546258E+01,2.399723E+01,4.802833E+01
22:10:00,4.340903E+03,2.957444E+03,2.239581E-01,2.898465E-01,0.000000E+00,0.000000E+00,0.000000E+00,0.000000E+00,0.000000E+00,0.000000E+00,0.000000E+00,0.000000E+00,2.099201E+01,4.052808E+01,2.399854E+01,5.016475E+01,5.725369E+03,2.220001E+03,2.954222E-01,2.154124E-01,0.000000E+00,0.000000E+00,0.000000E+00,0.000000E+00,0.000000E+00,0.000000E+00,0.000000E+00,0.000000E+00,2.099434E+01,4.571706E+01,2.494384E+01,4.670338E+01,3.607901E+03,1.463738E+03,1.861589E-01,1.434508E-01,0.000000E+00,0.000000E+00,0.000000E+00,0.000000E+00,0.000000E+00,0.000000E+00,0.000000E+00,0.000000E+00,2.099388E+01,4.546708E+01,2.503159E+01,4.632541E+01,5.493002E+03,2.164259E+03,2.834322E-01,2.100040E-01,0.000000E+00,0.000000E+00,0.000000E+00,0.000000E+00,0.000000E+00,0.000000E+00,0.000000E+00,0.000000E+00,2.099433E+01,4.553341E+01,2.492177E+01,4.685215E+01,3.604359E+03,1.582808E+03,1.859762E-01,1.551194E-01,0.000000E+00,0.000000E+00,0.000000E+00,0.000000E+00,0.000000E+00,0.000000E+00,0.000000E+00,0.000000E+00,2.099388E+01,4.546261E+01,2.511381E+01,4.586165E+01
22:20:00,4.340958E+03,2.886501E+03,2.239609E-01,2.828911E-01,0.000000E+00,0.000000E+00,0.000000E+00,0.000000E+00,0.000000E+00,0.000000E+00,0.000000E+00,0.000000E+00,2.099201E+01,4.052763E+01,2.399855E+01,5.103495E+01,5.725410E+03,1.772857E+03,2.954243E-01,1.720280E-01,0.000000E+00,0.000000E+00,0.000000E+00,0.000000E+00,0.000000E+00,0.000000E+00,0.000000E+00,0.000000E+00,2.099434E+01,4.571708E+01,2.596925E+01,4.546248E+01,3.607927E+03,1.173344E+03,1.861603E-01,1.148997E-01,0.000000E+00,0.000000E+00,0.000000E+00,0.000000E+00,0.000000E+00,0.000000E+00,0.000000E+00,0.000000E+00,2.099388E+01,4.546711E+01,2.610779E+01,4.514904E+01,5.493043E+03,1.729004E+03,2.834343E-01,1.677730E-01,0.000000E+00,0.000000E+00,0.000000E+00,0.000000E+00,0.000000E+00,0.000000E+00,0.000000E+00,0.000000E+00,2.099433E+01,4.553343E+01,2.592980E+01,4.564782E+01,3.604386E+03,1.282970E+03,1.859775E-01,1.253418E-01,0.000000E+00,0.000000E+00,0.000000E+00,0.000000E+00,0.000000E+00,0.000000E+00,0.000000E+00,0.000000E+00,2.099388E+01,4.546264E+01,2.624123E+01,4.457422E+01
22:30:00,4.341009E+03,2.818271E+03,2.239635E-01,2.761981E-01,0.000000E+00,0.000000E+00,0.000000E+00,0.000000E+00,0.000000E+00,0.000000E+00,0.000000E+00,0.000000E+00,2.099201E+01,4.052732E+01,2.399811E+01,5.175210E+01,5.725447E+03,1.368406E+03,2.954262E-01,1.319602E-01,0.000000E+00,0.000000E+00,0.000000E+00,0.000000E+00,0.000000E+00,0.000000E+00,0.000000E+00,0.000000E+00,2.099434E+01,4.571711E+01,2.661982E+01,4.517981E+01,3.607952E+03,9.166734E+02,1.861615E-01,8.896862E-02,0.000000E+00,0.000000E+00,0.000000E+00,0.000000E+00,0.000000E+00,0.000000E+00,0.000000E+00,0.000000E+00,2.099388E+01,4.546714E+01,2.669949E+01,4.515460E+01,5.493081E+03,1.328931E+03,2.834363E-01,1.282822E-01,0.000000E+00,0.000000E+00,0.000000E+00,0.000000E+00,0.000000E+00,0.000000E+00,0.000000E+00,0.000000E+00,2.099433E+01,4.553346E+01,2.657538E+01,4.537133E+01,3.604411E+03,1.017235E+03,1.859788E-01,9.821426E-02,0.000000E+00,0.000000E+00,0.000000E+00,0.000000E+00,0.000000E+00,0.000000E+00,0.000000E+00,0.000000E+00,2.099388E+01,4.546267E+01,2.669946E+01,4.485018E+01
22:40:00,4.341056E+03,2.753876E+03,2.239659E-01,2.698890E-01,0.000000E+00,0.000000E+00,0.000000E+00,0.000000E+00,0.000000E+00,0.000000E+00,0.000000E+00,0.000000E+00,2.099201E+01,4.052713E+01,2.399610E+01,5.236587E+01,5.725482E+03,9.814908E+02,2.954280E-01,9.324713E-02,0.000000E+00,0.000000E+00,0.000000E+00,0.000000E+00,0.000000E+00,0.000000E+00,0.000000E+00,0.000000E+00,2.099434E+01,4.571713E+01,2.669835E+01,4.646090E+01,3.607975E+03,6.688852E+02,1.861627E-01,6.374672E-02,0.000000E+00,0.000000E+00,0.000000E+00,0.000000E+00,0.000000E+00,0.000000E+00,0.000000E+00,0.000000E+00,2.099388E+01,4.546717E+01,2.669897E+01,4.671316E+01,5.493116E+03,9.474668E+02,2.834381E-01,9.021480E-02,0.000000E+00,0.000000E+00,0.000000E+00,0.000000E+00,0.000000E+00,0.000000E+00,0.000000E+00,0.000000E+00,2.099433E+01,4.553348E+01,2.669817E+01,4.656550E+01,3.604434E+03,7.604276E+02,1.859800E-01,7.180069E-02,0.000000E+00,0.000000E+00,0.000000E+00,0.000000E+00,0.000000E+00,0.000000E+00,0.000000E+00,0.000000E+00,2.099388E+01,4.546269E+01,2.669857E+01,4.631129E+01
22:50:00,4.341101E+03,2.693362E+03,2.239682E-01,2.639627E-01,0.000000E+00,0.000000E+00,0.000000E+00,0.000000E+00,0.000000E+00,0.000000E+00,0.000000E+00,0.000000E+00,2.099201E+01,4.052700E+01,2.399554E+01,5.274400E+01,5.725515E+03,6.040488E+02,2.954297E-01,5.529101E-02,0.000000E+00,0.000000E+00,0.000000E+00,0.000000E+00,0.000000E+00,0.000000E+00,0.000000E+00,0.000000E+00,2.099434E+01,4.571715E+01,2.669882E+01,4.772361E+01,3.607996E+03,4.279017E+02,1.861638E-01,3.907400E-02,0.000000E+00,0.000000E+00,0.000000E+00,0.000000E+00,0.000000E+00,0.000000E+00,0.000000E+00,0.000000E+00,2.099388E+01,4.546719E+01,2.669842E+01,4.802276E+01,5.493149E+03,5.754260E+02,2.834398E-01,5.289278E-02,0.000000E+00,0.000000E+00,0.000000E+00,0.000000E+00,0.000000E+00,0.000000E+00,0.000000E+00,0.000000E+00,2.099433E+01,4.553351E+01,2.669891E+01,4.785397E+01,3.604455E+03,5.097105E+02,1.859811E-01,4.588183E-02,0.000000E+00,0.000000E+00,0.000000E+00,0.000000E+00,0.000000E+00,0.000000E+00,0.000000E+00,0.000000E+00,2.099388E+01,4.546272E+01,2.669792E+01,4.751336E+01
23:00:00,4.341142E+03,2.636200E+03,2.239703E-01,2.583662E-01,0.000000E+00,0.000000E+00,0.000000E+00,0.000000E+00,0.000000E+00,0.000000E+00,0.000000E+00,0.000000E+00,2.099201E+01,4.052693E+01,2.399525E+01,5.295577E+01,5.725546E+03,2.344792E+02,2.954313E-01,1.796974E-02,0.000000E+00,0.000000E+00,0.000000E+00,0.000000E+00,0.000000E+00,0.000000E+00,0.000000E+00,0.000000E+00,2.099434E+01,4.571718E+01,2.669844E+01,4.880606E+01,3.608016E+03,1.922019E+02,1.861648E-01,1.483322E-02,0.000000E+00,0.000000E+00,0.000000E+00,0.000000E+00,0.000000E+00,0.000000E+00,0.000000E+00,0.000000E+00,2.099388E+01,4.546722E+01,2.669792E+01,4.910752E+01,5.493180E+03,2.110602E+02,2.834414E-01,1.618270E-02,0.000000E+00,0.000000E+00,0.000000E+00,0.000000E+00,0.000000E+00,0.000000E+00,0.000000E+00,0.000000E+00,2.099433E+01,4.553353E+01,2.669853E+01,4.896229E+01,3.604475E+03,2.643535E+02,1.859821E-01,2.040132E-02,0.000000E+00,0.000000E+00,0.000000E+00,0.000000E+00,0.000000E+00,0.000000E+00,0.000000E+00,0.000000E+00,2.099388E+01,4.546274E+01,2.669735E+01,4.849491E+01
23:10:00,4.341182E+03,2.649683E+03,2.239724E-01,2.597026E-01,0.000000E+00,0.000000E+00,0.000000E+00,0.000000E+00,0.000000E+00,0.000000E+00,0.000000E+00,0.000000E+00,2.099201E+01,4.052690E+01,2.399509E+01,5.305350E+01,5.725575E+03,3.105215E+02,2.954328E-01,2.379128E-02,0.000000E+00,0.000000E+00,0.000000E+00,0.000000E+00,0.000000E+00,0.000000E+00,0.000000E+00,0.000000E+00,2.099434E+01,4.571720E+01,2.669808E+01,4.972222E+01,3.608035E+03,2.497227E+02,1.861658E-01,1.927172E-02,0.000000E+00,0.000000E+00,0.000000E+00,0.000000E+00,0.000000E+00,0.000000E+00,0.000000E+00,0.000000E+00,2.099388E+01,4.546724E+01,2.669745E+01,4.999694E+01,5.493209E+03,2.821161E+02,2.834429E-01,2.162245E-02,0.000000E+00,0.000000E+00,0.000000E+00,0.000000E+00,0.000000E+00,0.000000E+00,0.000000E+00,0.000000E+00,2.099433E+01,4.553355E+01,2.669819E+01,4.990365E+01,3.604494E+03,3.371843E+02,1.859831E-01,2.602141E-02,0.000000E+00,0.000000E+00,0.000000E+00,0.000000E+00,0.000000E+00,0.000000E+00,0.000000E+00,0.000000E+00,2.099388E+01,4.546276E+01,2.669693E+01,4.928011E+01
23:20:00,4.341219E+03,2.666800E+03,2.239743E-01,2.613956E-01,0.000000E+00,0.000000E+00,0.000000E+00,0.000000E+00,0.000000E+00,0.000000E+00,0.000000E+00,0.000000E+00,2.099201E+01,4.052689E+01,2.399500E+01,5.307455E+01,5.725602E+03,3.905117E+02,2.954342E-01,2.991521E-02,0.000000E+00,0.000000E+00,0.000000E+00,0.000000E+00,0.000000E+00,0.000000E+00,0.000000E+00,0.000000E+00,2.099434E+01,4.571722E+01,2.669775E+01,5.049198E+01,3.608053E+03,3.050221E+02,1.861667E-01,2.353533E-02,0.000000E+00,0.000000E+00,0.000000E+00,0.000000E+00,0.000000E+00,0.000000E+00,0.000000E+00,0.000000E+00,2.099388E+01,4.546727E+01,2.669700E+01,5.072267E+01,5.493236E+03,3.573134E+02,2.834443E-01,2.737939E-02,0.000000E+00,0.000000E+00,0.000000E+00,0.000000E+00,0.000000E+00,0.000000E+00,0.000000E+00,0.000000E+00,2.099433E+01,4.553358E+01,2.669786E+01,5.069708E+01,3.604511E+03,3.941262E+02,1.859840E-01,3.041149E-02,0.000000E+00,0.000000E+00,0.000000E+00,0.000000E+00,0.000000E+00,0.000000E+00,0.000000E+00,0.000000E+00,2.099388E+01,4.546279E+01,2.669661E+01,4.988839E+01
23:30:00,4.341254E+03,2.682944E+03,2.239761E-01,2.629916E-01,0.000000E+00,0.000000E+00,0.000000E+00,0.000000E+00,0.000000E+00,0.000000E+00,0.000000E+00,0.000000E+00,2.099201E+01,4.052690E+01,2.399497E+01,5.304509E+01,5.725628E+03,4.326125E+02,2.954356E-01,3.311923E-02,0.000000E+00,0.000000E+00,0.000000E+00,0.000000E+00,0.000000E+00,0.000000E+00,0.000000E+00,0.000000E+00,2.099434E+01,4.571724E+01,2.669747E+01,5.113094E+01,3.608069E+03,3.296874E+02,1.861676E-01,2.543934E-02,0.000000E+00,0.000000E+00,0.000000E+00,0.000000E+00,0.000000E+00,0.000000E+00,0.000000E+00,0.000000E+00,2.099388E+01,4.546729E+01,2.669665E+01,5.130337E+01,5.493263E+03,4.020397E+02,2.834456E-01,3.077854E-02,0.000000E+00,0.000000E+00,0.000000E+00,0.000000E+00,0.000000E+00,0.000000E+00,0.000000E+00,0.000000E+00,2.099433E+01,4.553360E+01,2.669758E+01,5.135767E+01,3.604528E+03,4.208829E+02,1.859849E-01,3.247729E-02,0.000000E+00,0.000000E+00,0.000000E+00,0.000000E+00,0.000000E+00,0.000000E+00,0.000000E+00,0.000000E+00,2.099388E+01,4.546281E+01,2.669632E+01,5.034734E+01
23:40:00,4.341288E+03,2.696608E+03,2.239779E-01,2.643359E-01,0.000000E+00,0.000000E+00,0.000000E+00,0.000000E+00,0.000000E+00,0.000000E+00,0.000000E+00,0.000000E+00,2.099201E+01,4.052693E+01,2.399497E+01,5.298287E+01,5.725653E+03,4.612931E+02,2.954368E-01,3.531545E-02,0.000000E+00,0.000000E+00,0.000000E+00,0.000000E+00,0.000000E+00,0.000000E+00,0.000000E+00,0.000000E+00,2.099434E+01,4.571726E+01,2.669722E+01,5.165487E+01,3.608085E+03,3.484738E+02,1.861684E-01,2.688978E-02,0.000000E+00,0.000000E+00,0.000000E+00,0.000000E+00,0.000000E+00,0.000000E+00,0.000000E+00,0.000000E+00,2.099388E+01,4.546731E+01,2.669642E+01,5.176012E+01,5.493287E+03,4.321977E+02,2.834469E-01,3.308773E-02,0.000000E+00,0.000000E+00,0.000000E+00,0.000000E+00,0.000000E+00,0.000000E+00,0.000000E+00,0.000000E+00,2.099433E+01,4.553362E+01,2.669733E+01,5.190010E+01,3.604544E+03,4.420693E+02,1.859857E-01,3.411319E-02,0.000000E+00,0.000000E+00,0.000000E+00,0.000000E+00,0.000000E+00,0.000000E+00,0.000000E+00,0.000000E+00,2.099388E+01,4.546283E+01,2.669608E+01,5.068125E+01
23:50:00,4.341321E+03,2.707430E+03,2.239795E-01,2.653991E-01,0.000000E+00,0.000000E+00,0.000000E+00,0.000000E+00,0.000000E+00,0.000000E+00,0.000000E+00,0.000000E+00,2.099201E+01,4.052696E+01,2.399500E+01,5.289996E+01,5.725676E+03,4.840250E+02,2.954380E-01,3.705658E-02,0.000000E+00,0.000000E+00,0.000000E+00,0.000000E+00,0.000000E+00,0.000000E+00,0.000000E+00,0.000000E+00,2.099434E+01,4.571727E+01,2.669700E+01,5.207911E+01,3.608101E+03,3.631407E+02,1.861692E-01,2.802228E-02,0.000000E+00,0.000000E+00,0.000000E+00,0.000000E+00,0.000000E+00,0.000000E+00,0.000000E+00,0.000000E+00,2.099388E+01,4.546733E+01,2.669628E+01,5.210696E+01,5.493311E+03,4.563977E+02,2.834481E-01,3.494117E-02,0.000000E+00,0.000000E+00,0.000000E+00,0.000000E+00,0.000000E+00,0.000000E+00,0.000000E+00,0.000000E+00,2.099433E+01,4.553364E+01,2.669711E+01,5.233931E+01,3.604560E+03,4.601489E+02,1.859865E-01,3.550925E-02,0.000000E+00,0.000000E+00,0.000000E+00,0.000000E+00,0.000000E+00,0.000000E+00,0.000000E+00,0.000000E+00,2.099388E+01,4.546285E+01,2.669587E+01,5.091250E+01
24:00:00,4.341352E+03,2.715680E+03,2.239811E-01,2.662087E-01,0.000000E+00,0.000000E+00,0.000000E+00,0.000000E+00,0.000000E+00,0.000000E+00,0.000000E+00,0.000000E+00,2.099201E+01,4.052700E+01,2.399504E+01,5.280446E+01,5.725699E+03,5.019022E+02,2.954392E-01,3.842603E-02,0.000000E+00,0.000000E+00,0.000000E+00,0.000000E+00,0.000000E+00,0.000000E+00,0.000000E+00,0.000000E+00,2.099434E+01,4.571729E+01,2.669681E+01,5.241778E+01,3.608115E+03,3.749295E+02,1.861700E-01,2.893263E-02,0.000000E+00,0.000000E+00,0.000000E+00,0.000000E+00,0.000000E+00,0.000000E+00,0.000000E+00,0.000000E+00,2.099388E+01,4.546734E+01,2.669614E+01,5.236086E+01,5.493334E+03,4.759038E+02,2.834493E-01,3.643527E-02,0.000000E+00,0.000000E+00,0.000000E+00,0.000000E+00,0.000000E+00,0.000000E+00,0.000000E+00,0.000000E+00,2.099433E+01,4.553366E+01,2.669692E+01,5.268915E+01,3.604574E+03,4.754908E+02,1.859872E-01,3.669391E-02,0.000000E+00,0.000000E+00,0.000000E+00,0.000000E+00,0.000000E+00,0.000000E+00,0.000000E+00,0.000000E+00,2.099388E+01,4.546287E+01,2.669575E+01,5.105896E+01
Peak,4.342015E+03,3.222161E+03,2.240153E-01,3.157499E-01,0.000000E+00,0.000000E+00,0.000000E+00,0.000000E+00,0.000000E+00,0.000000E+00,0.000000E+00,0.000000E+00,,,,,5.726176E+03,3.652681E+03,2.954638E-01,3.544113E-01,0.000000E+00,0.000000E+00,0.000000E+00,0.000000E+00,0.000000E+00,0.000000E+00,0.000000E+00,0.000000E+00,,,,,3.608422E+03,3.576454E+03,1.861858E-01,3.447034E-01,0.000000E+00,0.000000E+00,0.000000E+00,0.000000E+00,0.000000E+00,0.000000E+00,0.000000E+00,0.000000E+00,,,,,5.493813E+03,3.745147E+03,2.834740E-01,3.552939E-01,0.000000E+00,0.000000E+00,0.000000E+00,0.000000E+00,0.000000E+00,0.000000E+00,0.000000E+00,0.000000E+00,,,,,3.604881E+03,3.515117E+03,1.860031E-01,3.444489E-01,0.000000E+00,0.000000E+00,0.000000E+00,0.000000E+00,0.000000E+00,0.000000E+00,0.000000E+00,0.000000E+00,,,,

Peak Vol Flow (m3/s),,,1.905079E-01,2.685212E-01,,,0.000000E+00,0.000000E+00,,,,,,,,,,,2.512694E-01,3.013997E-01,,,0.000000E+00,0.000000E+00,,,,,,,,,,,1.583368E-01,2.931438E-01,,,0.000000E+00,0.000000E+00,,,,,,,,,,,2.410730E-01,3.021503E-01,,,0.000000E+00,0.000000E+00,,,,,,,,,,,1.581814E-01,2.929275E-01,,,0.000000E+00,0.000000E+00,,,,,,,,
